-1.0, 1.0, 5.0, 4.0, 6.0, 6.0, -0.06249578549755041, -0.32328443396271905, -0.3494819221787531, 212.05133422529096, 12.69900590444052, 11.173464194922342
3.0, 1.0, 5.0, 3.0, 4.0, -2.0, -0.06344882204563775, -0.34143022373765797, -0.3775631655663978, 221.72633109971827, 12.53471132370576, 11.670962219862025
3.0, 1.0, 7.0, 4.0, 6.0, 3.0, -0.06282575475887456, -0.32277119168814483, -0.3563554793492424, 210.1505918254473, 12.785587410695245, 11.130150056566553
0.0, -5.0, 6.0, 1.0, 6.0, 7.0, -0.06388099979538997, -0.3323547273547095, -0.3922097266439633, 214.76104299199994, 12.441514386575792, 11.3448572515149
-1.0, -5.0, 8.0, 4.0, 6.0, 14.0, -0.0623132766295555, -0.3158319609286195, -0.33897461850530397, 207.31970695348207, 12.924371842709345, 10.879419326787266
0.0, 2.0, 4.0, 3.0, 2.0, 5.0, -0.06213671866796879, -0.32778286468304985, -0.33606528343048403, 213.00978811351587, 12.850980427570544, 11.230876288917397
4.0, -4.0, 4.0, 2.0, 4.0, 6.0, -0.0625556483376572, -0.3111335646802945, -0.3547964208717469, 206.88291954228063, 12.690195316779652, 10.840284651398095
3.0, -4.0, 2.0, 2.0, 6.0, 2.0, -0.06251678454530232, -0.32948628394756646, -0.34581389288272013, 216.03661270324886, 12.78387939122071, 11.319503678241293
0.0, -2.0, 6.0, 2.0, 4.0, 6.0, -0.06294663134453929, -0.33693548887699487, -0.3599112607907287, 220.76676481056379, 12.672301652521696, 11.613615600365417
1.0, 5.0, 5.0, 5.0, 2.0, 0.0, -0.06327923702321868, -0.3414310486670106, -0.37013212666452344, 221.72638682079594, 12.515624500421058, 11.670962085953942
3.0, 5.0, 5.0, 5.0, 6.0, 2.0, -0.06292356134127006, -0.34103955710795375, -0.3581731145109708, 218.51385463479514, 12.662247940240508, 11.552693110905274
-2.0, -3.0, 6.0, 3.0, 6.0, -1.0, -0.06329945037087589, -0.32347901455072986, -0.37271969768361046, 211.52931577993857, 12.600977596154355, 11.155248493811332
3.0, 1.0, 4.0, 3.0, 4.0, 1.0, -0.061698847686535385, -0.32277680631733713, -0.3086272703385845, 210.14899071982038, 13.25984395536478, 11.130169863214881
4.0, -5.0, 6.0, 4.0, 6.0, 11.0, -0.06304345251260461, -0.3496006947129888, -0.36042026379836406, 223.57914987096254, 12.630891190611385, 11.835480252131074
7.0, 3.0, 3.0, 3.0, 2.0, -3.0, -0.0633770222064013, -0.33713338397686965, -0.37877930703583923, 220.2460327184695, 12.467880952447711, 11.59538580857925
3.0, -6.0, 3.0, 2.0, 4.0, 3.0, -0.06320155331277685, -0.3327526687199574, -0.36771091363203867, 217.97295884357456, 12.693596234067902, 11.46311876946355
2.0, 0.0, 5.0, 4.0, 4.0, 3.0, -0.06279358649223216, -0.32001107064993106, -0.36145242497901187, 210.1144251971424, 12.620866941385959, 11.029902118432435
4.0, 3.0, 5.0, 4.0, 4.0, 0.0, -0.06306299105896296, -0.31898322928260114, -0.3717331463755122, 210.57062632838668, 12.553823427325327, 11.097907799372827
-3.0, 2.0, 5.0, 3.0, 6.0, 1.0, -0.062394528183542394, -0.32419504298325186, -0.3398069707493807, 212.9071918406342, 12.905265746673182, 11.180348628117798
2.0, -3.0, -1.0, 3.0, 4.0, 3.0, -0.0629903848623345, -0.336224907289772, -0.3617728606234302, 219.38854845901298, 12.657580059458954, 11.588500372947053
6.0, 2.0, 4.0, 4.0, 4.0, -4.0, -0.0633378975515633, -0.33733394105766296, -0.3840345859440711, 219.72526601416286, 12.360932653633062, 11.577176029396199
1.0, 1.0, 3.0, 4.0, 6.0, 0.0, -0.06215978836284179, -0.3104249864557185, -0.33459398662253353, 205.5035435339184, 12.96938137075559, 10.815172054117154
4.0, -2.0, 5.0, 3.0, 4.0, 8.0, -0.06275484851099156, -0.31981123324356153, -0.36003171628777264, 210.6358258766792, 12.633224196818942, 11.048125225296534
5.0, 5.0, 4.0, 4.0, 2.0, 1.0, -0.06300570004921721, -0.33733458675927197, -0.3496803494940287, 219.72233788242642, 12.946057778464633, 11.577147074184204
-2.0, -3.0, 6.0, 5.0, 6.0, 11.0, -0.062468439635983086, -0.311334257370629, -0.35543162046740917, 206.36170773482297, 12.685142155472288, 10.822073278194154
4.0, 5.0, 3.0, 4.0, 4.0, 1.0, -0.06341428460497198, -0.33295150068694057, -0.3745306972959685, 217.45181583228913, 12.572005464781718, 11.444885928149052
0.0, -2.0, 4.0, 2.0, 4.0, 0.0, -0.06290929919423581, -0.3278626225365803, -0.3609453153989678, 213.80142082058467, 12.676574282734476, 11.28752949759354
5.0, -5.0, 4.0, 3.0, 4.0, -1.0, -0.06317337344336031, -0.3321590146622131, -0.37819700601675593, 215.28358572053452, 12.335749403844181, 11.363117571690038
3.0, -2.0, 4.0, 4.0, 6.0, 4.0, -0.06314756671061383, -0.33207438863516664, -0.3620778960614863, 214.49015551704878, 12.722886213852304, 11.306412501018528
3.0, -5.0, 4.0, 2.0, 4.0, 1.0, -0.0634133462277085, -0.3363386838985246, -0.37759028700695335, 218.0759708263069, 12.541810646450353, 11.513585784734158
6.0, -1.0, 4.0, 2.0, 6.0, 9.0, -0.06354149660345554, -0.3330670276072133, -0.38213088071727425, 216.13951059423752, 12.444589940248942, 11.369984081600009
5.0, -2.0, 3.0, 2.0, 4.0, 4.0, -0.06389552208291645, -0.33124527919494723, -0.39585245867811675, 214.42650433671847, 12.349475669671452, 11.356152131111804
0.0, -3.0, 4.0, 1.0, 4.0, 4.0, -0.0632645026644848, -0.3286554221093593, -0.3795780189973109, 215.97217573452366, 12.410631172151316, 11.369324137143403
7.0, -6.0, 5.0, 3.0, 6.0, 6.0, -0.06327835492670542, -0.31622231523754996, -0.38043507337514093, 210.53410371960575, 12.502751213885144, 10.997604123965676
3.0, -3.0, 4.0, 4.0, 6.0, 6.0, -0.06279346387853782, -0.320011082622997, -0.36144885744010075, 210.11442933345896, 12.620915746765936, 11.029902326167946
0.0, 0.0, 4.0, 5.0, 4.0, 8.0, -0.06275063578585355, -0.31910074386120535, -0.35727635839421057, 209.25713931624756, 12.72034964401563, 11.023007066281036
-3.0, -2.0, 5.0, 3.0, 6.0, 6.0, -0.06266298128460895, -0.324787290682144, -0.3524005926937637, 215.59851778687874, 12.753591621021588, 11.280404890510779
-1.0, -2.0, 4.0, 5.0, 4.0, 1.0, -0.06303343762516439, -0.3371351832548104, -0.365948924076471, 220.2458098897274, 12.558030665445692, 11.595394286101264
5.0, 2.0, 6.0, 3.0, 4.0, 1.0, -0.062108495044211995, -0.31958216936801276, -0.32737321955930765, 213.2597974484739, 13.080201473073316, 11.197937343508368
2.0, -5.0, 5.0, 4.0, 6.0, 4.0, -0.06265453116309311, -0.3233663034251138, -0.34688629501411955, 212.8411441173565, 12.927826957557068, 11.230168736528942
-1.0, -4.0, 6.0, 3.0, 6.0, 6.0, -0.06286914939582983, -0.32754646901806916, -0.3527029921893214, 215.63498410876588, 12.809075527472517, 11.380645356210868
0.0, -4.0, 3.0, 3.0, 6.0, 3.0, -0.06268232710286568, -0.33705288266369116, -0.3500681851445993, 219.45374456397988, 12.736895524291295, 11.53871795121865
8.0, -2.0, 6.0, 3.0, 4.0, 7.0, -0.06389467226253702, -0.3371314718547269, -0.39701431736255977, 220.24691831742706, 12.268446833623, 11.595326212229923
4.0, -5.0, 6.0, 2.0, 8.0, 3.0, -0.0639368946953856, -0.32777296819737706, -0.3943498698047274, 213.01058196897557, 12.36651133352489, 11.230810717476828
6.0, 1.0, 5.0, 3.0, 4.0, 1.0, -0.06320905929038367, -0.332836759441521, -0.3707578321543261, 218.76480134161497, 12.60486233503495, 11.519803742596261
0.0, 0.0, 5.0, 4.0, 6.0, 7.0, -0.06264355494531022, -0.32786366415994944, -0.3442769065836896, 213.80054405503046, 12.861297422005556, 11.287523740089066
2.0, -6.0, 4.0, 2.0, 6.0, 1.0, -0.06337693387500602, -0.33286893829130737, -0.37993722630706184, 216.66148514124603, 12.464232302001049, 11.388177267104124
5.0, -4.0, 5.0, 3.0, 6.0, 9.0, -0.06197302335839837, -0.3241967446381117, -0.33080661476626927, 212.90724203305717, 12.900866622111167, 11.180411983418827
2.0, -2.0, 4.0, 2.0, 4.0, -1.0, -0.06427461196498035, -0.354485437116198, -0.394410604597005, 227.7507605831775, 12.453046368884799, 12.011029514941029
6.0, -4.0, 4.0, 2.0, 4.0, 4.0, -0.06294979211938137, -0.3320437744895415, -0.3613590880111943, 216.59498630277832, 12.667109702303199, 11.438014935270333
7.0, 0.0, 5.0, 2.0, 6.0, -1.0, -0.06383383485073345, -0.34222239638831903, -0.3877477314114662, 223.89596642907304, 12.46529406790142, 11.752739413627681
1.0, -2.0, 5.0, 3.0, 6.0, 6.0, -0.06119449203253048, -0.32369139513020684, -0.303030029317298, 211.0072732568872, 13.163194672353178, 11.137059152949078
4.0, -5.0, 5.0, 2.0, 6.0, 2.0, -0.0629764250905691, -0.3369348502547924, -0.35145973026681765, 220.7656434713077, 12.868806565239952, 11.61359824182487
3.0, -2.0, 4.0, 2.0, 4.0, 8.0, -0.06322004500208651, -0.3509045048472616, -0.3665401395430835, 227.6486112521346, 12.595874030564923, 11.960608430417059
3.0, 3.0, 4.0, 4.0, 4.0, 0.0, -0.06278523051504005, -0.33184481144869393, -0.3591562618530972, 217.1165926276015, 12.686720757476472, 11.456250692287899
8.0, 5.0, 6.0, 2.0, 4.0, 5.0, -0.062187767418097256, -0.3196977639024875, -0.33036020267630056, 211.94700002564514, 13.054649223536392, 11.123031217077687
6.0, -2.0, 5.0, 4.0, 6.0, 1.0, -0.06432665254893766, -0.3370444996776628, -0.41601834640152413, 219.45585178527597, 12.063293058829508, 11.538681471389983
2.0, 1.0, 4.0, 3.0, 4.0, 1.0, -0.062425727465963324, -0.32857524636781665, -0.337019681704787, 215.17848440079732, 12.985337047241872, 11.312647371043662
4.0, -1.0, 3.0, 4.0, 4.0, -11.0, -0.06248312696710483, -0.3283752157372206, -0.34483289071606466, 215.70083893746136, 12.79386663350604, 11.330877416523442
3.0, 3.0, 5.0, 2.0, 4.0, 3.0, -0.062182788858274406, -0.32487431445170867, -0.32877482317389267, 216.38910918313277, 13.060718117102937, 11.337047245161246
6.0, 5.0, 4.0, 2.0, 2.0, -5.0, -0.0627989933050999, -0.3372528191502446, -0.34765926857447393, 218.9320542184898, 12.819082906612334, 11.520437297074086
6.0, -3.0, 4.0, 2.0, 6.0, 8.0, -0.06357791967302812, -0.3322723076419635, -0.38094179954038054, 213.96944514701633, 12.518454718774164, 11.288184041351824
4.0, 1.0, 7.0, 4.0, 4.0, 7.0, -0.06334825825793525, -0.34939908197592207, -0.3718255578317002, 224.10079508459407, 12.553087676750833, 11.85369621270925
-1.0, -4.0, 5.0, 2.0, 6.0, 0.0, -0.06353927123927859, -0.33633782148769736, -0.3783724073851436, 218.07578273585952, 12.534490864240109, 11.513574257683942
-3.0, -2.0, 7.0, 4.0, 4.0, 4.0, -0.06243503267379448, -0.3283753205410331, -0.3402122767746396, 215.70037304023538, 12.895764855613905, 11.330874707282492
1.0, 2.0, 2.0, 2.0, 2.0, 0.0, -0.06361345333898961, -0.34162916037409685, -0.37976205235422833, 221.20472233578127, 12.515019735469954, 11.652726672086196
1.0, -1.0, 6.0, 3.0, 4.0, 7.0, -0.06140920190734246, -0.3191915429393185, -0.3025828683037559, 210.04663481378054, 13.317034582498655, 11.079717340734826
5.0, -1.0, 6.0, 3.0, 4.0, 3.0, -0.062423832118932904, -0.33784869144883783, -0.34124090587900546, 221.6230670086348, 12.874183558760517, 11.620523776881722
-2.0, -6.0, 5.0, 2.0, 4.0, -4.0, -0.06258616069771117, -0.3370530993603269, -0.34083043488047454, 219.45281202540434, 12.940708101376218, 11.538712326229165
4.0, 1.0, 5.0, 4.0, 4.0, 3.0, -0.06305384348588049, -0.3330691504638816, -0.3554537099904126, 216.13788374346888, 12.840426864081225, 11.369983602486908
1.0, 1.0, 5.0, 1.0, 4.0, 1.0, -0.06358359291413486, -0.3416298255647438, -0.38821778635795123, 221.2058460069732, 12.318593853141621, 11.652743821300948
-2.0, -2.0, 4.0, 2.0, 4.0, 3.0, -0.06302243167913764, -0.31053763789051086, -0.37248067485231984, 204.19252668041074, 12.559656459894692, 10.740218085630334
4.0, -1.0, 4.0, 4.0, 4.0, 1.0, -0.06237839160538006, -0.3356335899005074, -0.3363443086903606, 216.69661398146283, 12.899379419347353, 11.488492983814119
3.0, -2.0, 3.0, 2.0, 4.0, -5.0, -0.06200425980647131, -0.3285777891206135, -0.3280204496023207, 215.17891698975586, 12.980877477139465, 11.312670497110673
5.0, -3.0, 3.0, 2.0, 6.0, -2.0, -0.06336611464072103, -0.3329516318875596, -0.3699137397901384, 217.45135251870923, 12.673985439606945, 11.444883012446118
8.0, -1.0, 3.0, 1.0, 4.0, -5.0, -0.06227215773913015, -0.3189029540634212, -0.33378808043027963, 209.7774057426063, 13.026665959430547, 11.041234163848218
5.0, -5.0, 4.0, 3.0, 4.0, -1.0, -0.0622146391136644, -0.3320474586900361, -0.3310781314062281, 216.5940714402366, 12.949236201483544, 11.438029181035807
1.0, 1.0, 5.0, 5.0, 6.0, 0.0, -0.0632556211965898, -0.3241896220115707, -0.3708617402912135, 212.90753432795364, 12.615780826062817, 11.180363496836673
3.0, -9.0, 4.0, 2.0, 8.0, 4.0, -0.06212874211599827, -0.3241952436050819, -0.32313720462054746, 212.90593260335365, 13.09005175261919, 11.18038309782806
6.0, 1.0, 5.0, 3.0, 4.0, 4.0, -0.06248130902063083, -0.32439475083928304, -0.3458410694727198, 212.38625194344553, 12.7909791556019, 11.16212837760361
2.0, -1.0, 3.0, 2.0, 6.0, 0.0, -0.06233880576029744, -0.3413200264494276, -0.3360855035471729, 223.0384597898095, 12.83070753890087, 11.745893762951795
2.0, 2.0, 4.0, 4.0, 4.0, 0.0, -0.06335751808151012, -0.3491991902712551, -0.3750259285941686, 224.62268565390957, 12.463613313278719, 11.871923150331309
7.0, 2.0, 5.0, 2.0, 4.0, -6.0, -0.06393191087033502, -0.3329538851514493, -0.39276059261912044, 217.4558008419318, 12.372652706783803, 11.444995069724035
-1.0, 1.0, 6.0, 3.0, 4.0, 8.0, -0.06260540911701275, -0.3336664533986468, -0.3508434348300966, 218.83024665538872, 12.672496271427447, 11.470032643478103
0.0, -2.0, 4.0, 2.0, 4.0, 0.0, -0.06328833170660873, -0.33295235587602695, -0.37374481636900875, 217.4520047631902, 12.579310073436899, 11.444897663315896
-1.0, 3.0, 4.0, 2.0, 6.0, -4.0, -0.06337696491788052, -0.33286803944009336, -0.3799318718473806, 216.66109467454308, 12.46421569791097, 11.388218474285233
3.0, -7.0, 5.0, 1.0, 6.0, 4.0, -0.062240467827081765, -0.3191876275357536, -0.3420939785175704, 210.04848387010952, 12.831063485645565, 11.079709134515053
0.0, -5.0, 2.0, 2.0, 4.0, -7.0, -0.06125803781170689, -0.30624845816063917, -0.3031206374488614, 202.7092783255547, 13.268441894005278, 10.664713321744465
-2.0, -7.0, 4.0, 3.0, 6.0, -3.0, -0.062002791663190115, -0.3241960989874797, -0.32235147225692484, 212.90612136545946, 13.097356179080453, 11.18039483089837
1.0, -2.0, 5.0, 3.0, 6.0, 2.0, -0.06377952038178963, -0.34557940353118155, -0.4039359722642748, 226.62671027877192, 12.073436408799758, 11.953005227573454
7.0, -7.0, 4.0, 2.0, 4.0, -5.0, -0.06188282562248019, -0.30601418348740916, -0.3320421037887349, 205.33660034365937, 12.935366616475253, 10.81447451594493
6.0, 1.0, 3.0, 2.0, 4.0, -2.0, -0.062365889214088685, -0.3449914667013424, -0.33054844558979635, 223.93183679443754, 12.997798890244251, 11.852990779888525
6.0, 2.0, 3.0, 4.0, 0.0, -3.0, -0.06361152758719822, -0.3370174621373502, -0.3970708859429901, 221.56055773776941, 12.206768434388549, 11.670258078369052
22.0, -3.0, 3.0, 4.0, 7.0, 8.0, -0.06257015642926753, -0.33284106489564, -0.3497229092043734, 218.76519533404235, 12.683148131665446, 11.519780879600166
16.0, -8.0, 9.0, 8.0, 9.0, 37.0, -0.06154515863187949, -0.3242724963526322, -0.30976064396129144, 213.69135921484275, 12.97775464136007, 11.2368394561607
23.0, -9.0, 6.0, 6.0, 7.0, 22.0, -0.061036944152661886, -0.32834046774253967, -0.29357129161035134, 217.79753209016084, 13.091233407310755, 11.462245191775398
18.0, 5.0, 2.0, 5.0, 5.0, 5.0, -0.062483795947746876, -0.3336567741701927, -0.3480284818731692, 218.82374801372714, 12.551443395166341, 11.46978074995753
4.0, -9.0, 9.0, 7.0, 8.0, 7.0, -0.0634589793349282, -0.3239579616609186, -0.3907884361310156, 215.53531878216168, 12.278252130365708, 11.330146244718609
3.0, -6.0, 8.0, 3.0, 6.0, 1.0, -0.06287150577906025, -0.3242756313726837, -0.3564652830301164, 213.6986866795851, 12.719123390374275, 11.237053831688437
3.0, -1.0, 6.0, 4.0, 6.0, -3.0, -0.06204689574202364, -0.3416368122445571, -0.30997768630190975, 221.2019636670935, 13.283276782683698, 11.65274870978313
1.0, -7.0, 9.0, 3.0, 6.0, 9.0, -0.06323854071934665, -0.32762929629364024, -0.38165248532441187, 216.42863741403994, 12.3317890018361, 11.43734196525441
-1.0, -7.0, 3.0, 5.0, 4.0, -1.0, -0.06261745302052361, -0.34143415799093413, -0.33805179123973506, 221.72448556380016, 13.020749245777624, 11.67097042771245
2.0, -13.0, 3.0, 4.0, 6.0, 0.0, -0.06231251016885549, -0.3277506400318901, -0.3397336138819332, 215.11409480751166, 12.901465315269654, 11.36241136527695
0.0, -19.0, 0.0, 3.0, 4.0, -7.0, -0.06492668597013584, -0.35445224524416474, -0.44626886045677083, 229.8594057834989, 11.612660251813034, 12.142599003200626
-5.0, -15.0, 0.0, 1.0, 8.0, 3.0, -0.06344828423098971, -0.3240414841096031, -0.3807656834148, 216.32556155712362, 12.48794096725539, 11.386810074140515
-8.0, -13.0, -6.0, -3.0, 6.0, 0.0, -0.06367477926162235, -0.3242410000959861, -0.4026859238821421, 215.80566858905354, 12.196318550355574, 11.368605961370339
-3.0, -10.0, -12.0, -8.0, 8.0, -1.0, -0.06274701208192268, -0.3243937088511175, -0.36250528912806756, 212.38712919031488, 12.606302250985433, 11.162134252637278
2.0, -7.0, -18.0, -14.0, 13.0, -7.0, -0.06255444984565525, -0.3288080118559353, -0.35145031485480666, 212.55441894195897, 12.73774412755916, 11.16281344184088
2.0, -4.0, -17.0, -15.0, 14.0, -7.0, -0.061561315643293125, -0.318513553764122, -0.33052532114286565, 206.566973258245, 12.768663828083797, 10.92305241788837
8.0, 5.0, -7.0, 7.0, 2.0, 5.0, -0.0638737386802688, -0.33306724216211814, -0.41648709864309075, 216.14281969427878, 11.85939819865605, 11.369971730911168
20.0, 0.0, -11.0, 14.0, -1.0, 17.0, -0.06177955565074083, -0.31562523074523735, -0.3303603733059397, 207.83575546690452, 12.70932130217632, 10.897423800769236
20.0, -15.0, -18.0, 14.0, 1.0, 12.0, -0.06214009184280004, -0.355488021710361, -0.36049396705471, 229.39909948395018, 12.147933368894051, 12.074609157190064
21.0, -25.0, -20.0, 20.0, -1.0, 14.0, -0.06038308427157947, -0.3495548280143107, -0.32009875974324875, 237.03894708879028, 12.276472967724056, 12.572810286940033
8.0, -55.0, -13.0, 35.0, -10.0, 8.0, -0.062357817380005835, -0.3615828951764445, -0.3913514020190208, 243.52521049631707, 11.539789653999959, 12.98105796014374
5.0, -73.0, -4.0, 48.0, -16.0, 15.0, -0.062357817380005835, -0.3615828951764445, -0.3913514020190208, 243.52521049631707, 11.539789653999959, 12.98105796014374
-10.0, -123.0, 12.0, 67.0, -21.0, 8.0, -0.06485576187965332, -0.4909168494093721, -0.44602442826763733, 327.4763457588683, 11.15296572936877, 17.68043862394439
-24.0, -179.0, 28.0, 95.0, -34.0, 12.0, -0.0664492852403733, -0.572034352305995, -0.4907200386414721, 384.284809583462, 10.650789075253421, 20.902092539231056
-46.0, -306.0, 58.0, 165.0, -62.0, 21.0, -0.06975715966859271, -0.6293221133423876, -0.642447884218832, 434.3390740778393, 8.842824393928469, 23.84282698554256
-34.0, -371.0, 58.0, 196.0, -78.0, 29.0, -0.07008482160712774, -0.7321615459048731, -0.6383319309259777, 512.2815606047529, 8.4593179241879, 28.21832178548194
-50.0, -448.0, 38.0, 211.0, -81.0, 57.0, -0.07110045567813233, -0.7871235540707209, -0.7100990661641731, 559.1445590519531, 7.284318309445129, 30.890542743423325
-65.0, -539.0, 34.0, 237.0, -94.0, 102.0, -0.07264913371126143, -0.9024825827333367, -0.8368897989723408, 647.5901282466127, 5.159143550267681, 35.84758920214788
-45.0, -634.0, 40.0, 280.0, -99.0, 59.0, -0.07162483059096697, -0.9146616709840052, -0.754586171045711, 664.8790509016623, 5.656364339036389, 36.84309822136951
-34.0, -686.0, 16.0, 277.0, -95.0, 42.0, -0.07393395513888461, -1.0397744974907983, -0.8525338772832582, 736.7642054770138, 4.328166234542487, 40.916925856681026
-53.0, -722.0, -2.0, 275.0, -96.0, 66.0, -0.07680365499151506, -1.059970117678119, -1.0320699866186946, 758.613660434697, 2.3174661902403146, 42.22658277325233
-76.0, -741.0, 10.0, 284.0, -106.0, 57.0, -0.07370918587075877, -1.0475013666484352, -0.8657359147639379, 748.1387748971692, 4.5364427899365065, 41.64471692914606
-108.0, -785.0, 42.0, 328.0, -127.0, 56.0, -0.07739352848580516, -1.0945308351847887, -0.9723826642554088, 779.1599664067878, 3.7731545832852666, 43.39697304235017
-132.0, -802.0, 40.0, 338.0, -136.0, 83.0, -0.07987057667938609, -1.1254256723765275, -1.072613032024708, 808.0812636381764, 2.8406728259533263, 44.93364194768203
-131.0, -840.0, 33.0, 345.0, -134.0, 100.0, -0.0777603612080516, -1.1119497595740129, -1.010754141805466, 800.9472072435124, 3.1672813993824684, 44.607217170993316
-117.0, -833.0, 15.0, 338.0, -134.0, 96.0, -0.07695888758098193, -1.1024777439520115, -1.0183070414452475, 804.2719366393895, 2.6802476965106976, 44.79149537513672
-134.0, -865.0, 2.0, 339.0, -134.0, 110.0, -0.07689545016624023, -1.1110246338126977, -1.034925543122593, 811.4558896950911, 2.422645688927019, 45.20525318110303
-136.0, -878.0, 10.0, 345.0, -136.0, 127.0, -0.07931786143201086, -1.158243197709608, -1.0687495243430536, 836.9517241298153, 2.494785610290609, 46.61990405492844
-137.0, -871.0, 8.0, 342.0, -131.0, 122.0, -0.08008179057438963, -1.1728062870773295, -1.0979689650860809, 846.5267465458144, 2.055565723394813, 47.06709504970946
-140.0, -886.0, 12.0, 346.0, -133.0, 120.0, -0.08046102376808104, -1.17644518346739, -1.1381140341772433, 849.5289629115031, 1.4986003086860342, 47.305119681669034
-155.0, -917.0, 18.0, 371.0, -143.0, 155.0, -0.07933139475798666, -1.1712262599325467, -1.109997940549506, 849.3066274946503, 1.7915343660166774, 47.35465387525892
-163.0, -924.0, 20.0, 385.0, -151.0, 170.0, -0.08178037482442878, -1.2156366598225425, -1.1846261335495603, 878.9910343757597, 1.1230091780632363, 48.931897340599654
-167.0, -928.0, 22.0, 397.0, -155.0, 185.0, -0.08200581509458454, -1.2317353945963267, -1.1696127263517784, 889.5773461324902, 1.4762109718268426, 49.56530371155047
-160.0, -916.0, 24.0, 396.0, -151.0, 176.0, -0.0797370302575296, -1.1660890620855857, -1.1076717110233854, 852.014712273555, 1.8967602491443332, 47.483468524649254
-159.0, -852.0, 22.0, 370.0, -139.0, 117.0, -0.07866056136482566, -1.102363440890449, -1.060816115127671, 807.7211012322265, 2.8070324709655843, 44.99831225023699
-160.0, -788.0, 9.0, 332.0, -120.0, 87.0, -0.07852354608132478, -1.0263312766092831, -1.0371148938475545, 745.3134023936072, 3.536522871725411, 41.460440479861916
-153.0, -688.0, 1.0, 291.0, -96.0, 52.0, -0.07718937808582917, -0.9287470759713706, -0.9419556980460252, 665.4760587402045, 5.20197617088674, 36.90531668800464
-136.0, -569.0, -10.0, 240.0, -72.0, 41.0, -0.07426971216245914, -0.7748484336181087, -0.8390069274760522, 548.1773145640066, 6.604873513603083, 30.289542111868176
-96.0, -323.0, -38.0, 142.0, -38.0, 39.0, -0.06771523527244845, -0.613712594580136, -0.6120426689099776, 429.88370677890373, 9.048302101769998, 23.51565546359081
-68.0, -248.0, -41.0, 115.0, -26.0, 42.0, -0.06652770975034202, -0.560499518308425, -0.5296991971953474, 377.56405466438173, 10.271624181772262, 20.513647947923257
-51.0, -190.0, -37.0, 97.0, -14.0, 60.0, -0.06586406977174335, -0.47460002799780704, -0.5054076744010236, 315.27030521334245, 10.623667007061396, 17.042084005248572
-39.0, -150.0, -44.0, 80.0, -11.0, 76.0, -0.06519339429390814, -0.46239991869562314, -0.4942601343584024, 307.2054176253982, 10.655794118332299, 16.520475891435247
-34.0, -74.0, -41.0, 52.0, -1.0, 35.0, -0.0627221633575918, -0.36212850791175777, -0.4117226056075899, 250.4363483298061, 11.631756501762448, 13.344227396534146
-20.0, -50.0, -28.0, 51.0, 1.0, 33.0, -0.06353599457482804, -0.34052076888331984, -0.38990155931000436, 237.22947279831664, 12.362392523240436, 12.589674154016862
-13.0, -45.0, -17.0, 50.0, 2.0, 16.0, -0.06489035517053393, -0.3534926841159514, -0.4349925717157418, 242.46588300346858, 11.871564303946581, 12.8732911483555
-15.0, -37.0, -13.0, 50.0, 1.0, 9.0, -0.06372213588718371, -0.35471359008480746, -0.40046569843770774, 232.23423761209136, 12.15275626979541, 12.312589606900746
-15.0, -38.0, -9.0, 46.0, 1.0, 8.0, -0.061924423794396256, -0.3367973523630633, -0.3700814361519163, 219.93000050780486, 12.196244313984746, 11.665072902597167
-13.0, -30.0, -8.0, 46.0, 2.0, 11.0, -0.06299291666864149, -0.3633058342666582, -0.38850698952987556, 235.1918231028007, 12.080990306969476, 12.463458868875026
-7.0, -28.0, -13.0, 43.0, -2.0, 13.0, -0.06297435216450374, -0.33698614103528407, -0.3742725218898696, 223.6625678840456, 12.444758951163669, 11.80164026110039
-8.0, -20.0, -15.0, 41.0, -2.0, 6.0, -0.06384911396984497, -0.32314781023765393, -0.417698455525042, 220.47029519609785, 11.900756704109456, 11.699529014816028
-11.0, -35.0, -10.0, 39.0, 0.0, 17.0, -0.06334175405885602, -0.3189316094761965, -0.41590108729146485, 224.0377391018975, 11.735351442888248, 11.835340882473385
-15.0, -33.0, -6.0, 39.0, 1.0, 13.0, -0.06217858514275753, -0.33672601878343583, -0.3455071959813899, 228.39175643973394, 12.733831856687383, 12.083049323448257
-17.0, -35.0, -7.0, 34.0, 3.0, 1.0, -0.06309755732545802, -0.3449219698422965, -0.37680813854096473, 228.141502789868, 12.411709346102267, 12.115953861643405
-13.0, -38.0, -7.0, 32.0, 4.0, -7.0, -0.06380192880562321, -0.35443178987152035, -0.39678631036091133, 231.96542792207666, 12.246515922638267, 12.274285788781164
-17.0, -23.0, -10.0, 26.0, 1.0, 0.0, -0.061706978094233866, -0.32812396504361396, -0.35177725778425, 216.1788570546916, 12.55167630901745, 11.457337152236086
-17.0, -21.0, -12.0, 22.0, 1.0, 2.0, -0.06433118147742048, -0.345546794079561, -0.44859266559719335, 228.73449281291332, 11.565081778355493, 12.084261948785187
-20.0, -18.0, -8.0, 20.0, 3.0, 1.0, -0.06283355249759459, -0.32820010417694084, -0.3453141739875095, 221.22548214491997, 13.0148366421714, 11.668920161363532
-21.0, -13.0, -10.0, 17.0, 3.0, 4.0, -0.06339286169040556, -0.31434268675621535, -0.38501573043548293, 213.0329202286756, 12.48512948913717, 11.247075889554532
-18.0, -19.0, -7.0, 20.0, 3.0, -2.0, -0.064242358751129, -0.31994382627128054, -0.4249345683294802, 214.32754636680488, 12.050931415909453, 11.292879364223092
-14.0, -17.0, -9.0, 19.0, 3.0, -5.0, -0.061871508211209625, -0.31589033749478973, -0.33972140825117675, 210.21892413442384, 12.794319123357088, 11.067602752786131
-13.0, -7.0, -11.0, 21.0, 2.0, -17.0, -0.062226750048769604, -0.3466225383904408, -0.3396130678184664, 221.91470842085084, 12.857589194999335, 11.730260200250324
-11.0, -5.0, -13.0, 22.0, 2.0, -5.0, -0.06203552042683644, -0.333360817463946, -0.33190936572406754, 216.40914288190766, 12.94139712565813, 11.408410722741317
0.0, -7.0, -10.0, 25.0, 2.0, 3.0, -0.06295044641290781, -0.32415848385019846, -0.3824167256593406, 215.012850493425, 12.268699448163034, 11.311739187153114
1.0, 3.0, -10.0, 24.0, 0.0, 3.0, -0.061387248326816066, -0.28506979678259947, -0.33398511281888243, 197.7284381557147, 12.698685573292702, 10.348136925348419
4.0, 12.0, -11.0, 20.0, 2.0, 3.0, -0.06290506562271081, -0.2987019917587822, -0.3739828699433579, 197.18886971087747, 12.5009289959877, 10.313676118643107
6.0, 40.0, -22.0, 13.0, -2.0, -18.0, -0.0631873809314512, -0.25547673715437846, -0.40177562311162696, 163.65145522915094, 12.220628804447866, 8.462030658338652
5.0, 90.0, -30.0, -4.0, 4.0, -37.0, -0.060535938743041404, -0.2097301657980399, -0.2992399712476573, 127.44166139574477, 13.484021333890162, 6.360043173597581
8.0, 150.0, -39.0, -29.0, 12.0, -40.0, -0.05919659937732056, -0.12269828336664415, -0.25313965954128304, 66.92077963922408, 14.212636638932691, 3.0309237691049384
20.0, 217.0, -51.0, -58.0, 17.0, -52.0, -0.05765282856329389, -0.03365937073681058, -0.19723680088277548, 1.3835186096823975, 15.0710628008033, -0.6595425863178868
-1.0, 282.0, -75.0, -86.0, 24.0, -61.0, -0.05901361021227647, 0.02102858886344705, -0.26002127551778353, -45.20144529656483, 14.754269582101564, -3.2940613326618067
-25.0, 425.0, -110.0, -168.0, 39.0, -184.0, -0.058166872765659815, 0.13132660202825985, -0.22107083554314044, -127.88255289417992, 16.076998082502573, -7.964076562598385
-14.0, 488.0, -131.0, -187.0, 38.0, -203.0, -0.05661083617918056, 0.20310419995590273, -0.17659256277378688, -186.71138193083252, 16.60734983147252, -11.295888989162542
39.0, 523.0, -151.0, -183.0, 38.0, -125.0, -0.05253283125695766, 0.20186787711677767, -0.08052762922946982, -192.67787871572312, 16.364845567644764, -11.701740670036319
60.0, 536.0, -161.0, -180.0, 43.0, -76.0, -0.049165036854678636, 0.21010382685026602, 0.031428296423193, -195.32179361872363, 17.178939389322558, -11.922934660978445
96.0, 573.0, -168.0, -183.0, 49.0, -76.0, -0.047351269416349644, 0.25830917049384167, 0.0771365862675833, -222.4612298350622, 17.455017088412767, -13.400780314203416
101.0, 602.0, -163.0, -196.0, 55.0, -71.0, -0.04817981115544802, 0.30104373460330025, 0.05208645942549944, -242.73985469244627, 17.293872407962123, -14.603179103673686
87.0, 639.0, -155.0, -218.0, 63.0, -85.0, -0.05053273237423428, 0.362091844016731, 0.03014874898102088, -285.6412880933226, 17.96969827231417, -17.023014853679584
84.0, 679.0, -145.0, -238.0, 68.0, -106.0, -0.050068398358408144, 0.3908843306818142, 0.06313849492481372, -317.5534477360115, 18.691195832475742, -18.827640964607873
82.0, 730.0, -145.0, -261.0, 68.0, -115.0, -0.049640979816096824, 0.3804841968548617, 0.05114305413244585, -322.13443730980157, 18.497223356539198, -19.13724596012385
84.0, 752.0, -141.0, -275.0, 75.0, -131.0, -0.046738079950241734, 0.41053693039182293, 0.18348479186454508, -350.9757211450662, 20.13961588337791, -20.724354362407148
97.0, 793.0, -144.0, -291.0, 74.0, -138.0, -0.04630065099445407, 0.4572585296535179, 0.21952011284224027, -383.8229576323283, 20.658472646825633, -22.570222460196085
113.0, 822.0, -156.0, -303.0, 79.0, -157.0, -0.048515393321622455, 0.48911936539353174, 0.11266019151150741, -405.10033954502904, 19.46950964160981, -23.69594328135487
107.0, 882.0, -171.0, -344.0, 94.0, -200.0, -0.0458975506824158, 0.5491669146329512, 0.2226601779980179, -434.9959401812198, 20.85209358012077, -25.445836873002264
95.0, 920.0, -171.0, -370.0, 102.0, -229.0, -0.04664132664721539, 0.6608728418290183, 0.20951484554071909, -511.1740016260319, 21.6175370816071, -29.691853596657594
74.0, 969.0, -173.0, -392.0, 101.0, -264.0, -0.04978146989364271, 0.6594348086959397, 0.12753571967620947, -526.1530911602684, 21.46758382935247, -30.534768966588953
55.0, 988.0, -172.0, -401.0, 94.0, -278.0, -0.05077550583261912, 0.6325319064754876, 0.11276796608777451, -523.3089052546102, 21.76149257078771, -30.379545729705697
66.0, 975.0, -164.0, -373.0, 76.0, -259.0, -0.047373946160110286, 0.6282510213776973, 0.19139574354946176, -523.9828574692777, 21.964770344260295, -30.32672254936375
85.0, 940.0, -151.0, -343.0, 68.0, -233.0, -0.044877757478361695, 0.5905193998226205, 0.27058145097019215, -490.93472471229063, 22.28565196057322, -28.463556155845836
88.0, 908.0, -135.0, -320.0, 64.0, -220.0, -0.04671555398427459, 0.5187441432263751, 0.21893894650647638, -427.8474348869807, 21.505300029424074, -24.97689403081027
91.0, 865.0, -127.0, -305.0, 64.0, -208.0, -0.050171777085766936, 0.5241139186716132, 0.09145441971664303, -422.5053626352546, 20.220601767850873, -24.69806560917921
89.0, 814.0, -111.0, -279.0, 57.0, -182.0, -0.0527994900375895, 0.4774901447100274, 0.02668009613312694, -379.0814874059763, 19.6506820154637, -22.30282123710994
75.0, 771.0, -91.0, -266.0, 50.0, -171.0, -0.051654415097091566, 0.4206871882481113, 0.057926233204422584, -341.8771153639696, 19.71998367079342, -20.221904993073387
69.0, 716.0, -81.0, -246.0, 45.0, -134.0, -0.050492009796084106, 0.3996901928352877, 0.08145593371240534, -331.37521443228803, 19.711347675599036, -19.567436703356556
79.0, 657.0, -79.0, -222.0, 41.0, -115.0, -0.051189334619274704, 0.21881498987714731, 0.07639238259505848, -224.6976003805901, 19.004384279500986, -13.531906501687896
89.0, 479.0, -43.0, -165.0, 34.0, -78.0, -0.05258495523968123, 0.07300026247543534, 0.025655324380083, -119.84500837726276, 17.821877807800256, -7.628754920053682
83.0, 362.0, -22.0, -125.0, 19.0, -70.0, -0.057173719182744887, -0.08156825850330268, -0.1564927674543294, 23.252407945372084, 15.315649977603837, 0.45995326454052865
59.0, 235.0, -12.0, -89.0, 10.0, -81.0, -0.061205553258494784, -0.17323168044217405, -0.2895782166098092, 101.50469822732306, 14.009218631953896, 4.9320446756983385
23.0, 146.0, -4.0, -73.0, 3.0, -97.0, -0.06454843018930613, -0.18417051997999617, -0.41896595314889795, 133.27777746822892, 12.95121656707066, 6.752239000745455
33.0, 57.0, -4.0, -54.0, 7.0, -43.0, -0.0670166995042451, -0.22316515450706975, -0.534818985335363, 156.88431566364724, 11.233939479396343, 8.110692379974584
30.0, 13.0, 7.0, -37.0, 15.0, -25.0, -0.06365626144950061, -0.3176338154965343, -0.36102975586968783, 212.8568986477407, 12.767397988814984, 11.25906217917179
38.0, -22.0, 17.0, -19.0, 18.0, -7.0, -0.059124045518973385, -0.38844048871552744, -0.23990608181116765, 245.58330468696397, 13.208290207385513, 13.08030101674379
26.0, -37.0, 16.0, -6.0, 9.0, -4.0, -0.06079794516083581, -0.36834885270786333, -0.3075202040166952, 222.43323964694537, 12.94680924305317, 11.803557689405032
18.0, -19.0, 17.0, -6.0, 7.0, 19.0, -0.06340197976208085, -0.3369322428768169, -0.3584361475744276, 220.7655570111574, 12.745172384646889, 11.613566036825892
11.0, -7.0, 13.0, -10.0, 11.0, 33.0, -0.06389060144994907, -0.3182285090932784, -0.38411216449621155, 215.54974805903208, 12.547496519853327, 11.35906393059294
7.0, -1.0, 9.0, -10.0, 6.0, 23.0, -0.06253067952376733, -0.2835252090138788, -0.3769543118753438, 200.54313269952505, 12.411496940176846, 10.527648022185593
7.0, -4.0, 9.0, -9.0, 8.0, 24.0, -0.06264982964904288, -0.309009835772919, -0.34666097904822757, 216.25811422647388, 12.779147411182244, 11.3941373796504
11.0, -8.0, 11.0, -8.0, 7.0, 23.0, -0.06335630316263455, -0.31551013618919416, -0.3718127544061641, 209.1547212303058, 12.55620547822195, 10.97250266348426
10.0, -7.0, 10.0, -8.0, 7.0, 23.0, -0.06325038720770286, -0.34757133687446573, -0.3827354117164513, 209.30543461176572, 12.301703443845913, 10.999400775867217
9.0, -2.0, 9.0, -8.0, 4.0, 21.0, -0.06080286356704662, -0.3511003281537187, -0.27714093420375485, 217.86764299370145, 13.476285960059455, 11.46775568345759
11.0, -5.0, 10.0, -6.0, 7.0, 18.0, -0.06279442644171396, -0.3295139130951219, -0.3793333214510962, 213.93272596770876, 12.269437968701762, 11.187820986486921
4.0, -4.0, 7.0, -6.0, 6.0, 22.0, -0.06467013576568673, -0.31925282797174065, -0.42539467150013716, 215.09710069877912, 12.045683204377365, 11.290994998363539
4.0, -5.0, 9.0, -5.0, 8.0, 15.0, -0.06567367136810572, -0.31847051089040856, -0.44141522412785245, 222.18384220717226, 12.089745949589606, 11.68386907382908
9.0, -9.0, 11.0, -5.0, 8.0, 25.0, -0.06345134540223248, -0.31034842419318664, -0.3831146596165261, 213.96901823256232, 12.443174294447239, 11.23299046559242
9.0, -4.0, 12.0, -4.0, 8.0, 15.0, -0.06258491489454615, -0.33871103177448486, -0.3675563380039621, 215.32962938888468, 12.463382465614435, 11.284292010550933
4.0, -4.0, 9.0, -6.0, 6.0, 16.0, -0.0619909874750144, -0.3504992276747091, -0.3099920299932761, 215.17656199949712, 13.233608752162965, 11.367687002333486
11.0, -4.0, 10.0, -5.0, 7.0, 14.0, -0.06334894514873163, -0.3377502037200783, -0.3724959270563189, 207.32092954131357, 12.60831286329826, 10.934626960301253
4.0, -3.0, 7.0, -6.0, 6.0, 14.0, -0.06404830026127659, -0.32852114275819516, -0.4092252722348712, 208.03025031896937, 12.17800194691194, 10.969671968249623
11.0, 0.0, 7.0, -4.0, 5.0, 11.0, -0.06182008656609289, -0.32692003178904544, -0.317449717989616, 219.3030998103042, 13.072457764824318, 11.566930967506131
3.0, -6.0, 8.0, -4.0, 4.0, 7.0, -0.06359967161271855, -0.31843209303584513, -0.38779892556284035, 215.0306503411493, 12.455101375554413, 11.340819452358474
5.0, -3.0, 8.0, -4.0, 6.0, 11.0, -0.06416521150436393, -0.3141639152635853, -0.41180251973910426, 211.4467046228121, 12.150153409740842, 11.13363898965909
5.0, -3.0, 9.0, -3.0, 8.0, 13.0, -0.06229740513913491, -0.3544120618431975, -0.325653340614102, 226.95817778089375, 13.0071087443997, 11.954409743908169
6.0, 0.0, 8.0, -2.0, 6.0, 14.0, -0.05966280021625734, -0.33418142034672665, -0.24683458737241956, 207.21483466109075, 13.721621974902105, 10.884086516830171
6.0, 2.0, 2.0, -3.0, 2.0, 6.0, -0.0628090110847531, -0.35535333756320253, -0.367836347224128, 221.45479289320815, 12.41774683320189, 11.674737774153666
9.0, -1.0, 4.0, -4.0, 2.0, 13.0, -0.06187090244036661, -0.32778396536673987, -0.31941238804049144, 213.00891563113376, 13.03582970109491, 11.230869795627495
8.0, -4.0, 5.0, -3.0, 4.0, 17.0, -0.06385286472820813, -0.31854677262243913, -0.396188555570458, 213.7181554195914, 12.320396270413147, 11.265905670901589
7.0, -2.0, 7.0, -4.0, 2.0, 6.0, -0.062287139321148564, -0.31027058616678166, -0.34079097442760736, 213.17669565895943, 12.8096594464645, 11.176342639982252
14.0, -11.0, 8.0, -1.0, 9.0, 18.0, -0.06246597714634899, -0.3236402964128182, -0.3402197112739321, 217.3635771567303, 12.775693752351659, 11.423181844520537
18.0, -11.0, 11.0, 0.0, 12.0, 13.0, -0.06235159117580107, -0.35011436361174736, -0.3276568210167729, 225.47769248260894, 12.932900668922153, 11.878821779219038
12.0, -7.0, 14.0, 2.0, 11.0, 11.0, -0.06365539748336185, -0.3504592931653958, -0.3872752243793739, 217.28391848026325, 12.421286213405159, 11.499256044420951
9.0, -6.0, 13.0, -1.0, 10.0, 16.0, -0.06218425738460705, -0.3378008633532421, -0.3354446187867085, 214.4704483861645, 12.823287102617781, 11.277415450191604
6.0, -7.0, 11.0, -1.0, 8.0, 14.0, -0.062446204047992566, -0.31890201349441155, -0.3392036006602555, 209.77768543674625, 12.917423267924436, 11.041224906349946
5.0, -10.0, 9.0, -2.0, 8.0, 14.0, -0.06256874221958814, -0.3141669778544824, -0.35046362797088315, 211.44154251205046, 12.721937903751334, 11.133548324852761
4.0, -7.0, 9.0, -1.0, 6.0, 14.0, -0.06400501454327076, -0.32383734167190603, -0.39374393196785024, 216.84643726636486, 12.395449787040985, 11.405043651375031
10.0, -5.0, 10.0, -1.0, 9.0, 7.0, -0.062019620661660294, -0.31981496306339585, -0.32976368549348734, 210.6349161646959, 12.915394487286886, 11.048139030435523
7.0, -5.0, 9.0, 1.0, 8.0, 17.0, -0.06165883531335093, -0.33251245876479185, -0.3334984962018997, 211.3429485825485, 12.641762319192791, 11.13829867080957
14.0, 5.0, 4.0, -2.0, 1.0, 3.0, -0.062397569110631004, -0.3415032905315979, -0.35214585511560814, 213.26134716386372, 12.55129138915991, 11.252993008056936
10.0, 1.0, 2.0, -1.0, -1.0, 6.0, -0.06277535043521107, -0.3464796170411441, -0.3581280455000604, 218.2258953995694, 12.574167228249463, 11.48541633533564
11.0, -3.0, -2.0, 0.0, -3.0, 15.0, -0.06196799630874674, -0.3150823723491798, -0.33563053485365274, 212.29981822992812, 12.829297946149907, 11.14041636394346
18.0, -13.0, -5.0, 0.0, -1.0, 31.0, -0.062362221308179505, -0.3147275319255725, -0.36718990890742825, 216.2375232805759, 12.20418339951918, 11.365004163992381
26.0, -13.0, -8.0, 2.0, -3.0, 32.0, -0.061704972416870674, -0.3147290889171949, -0.33307857327536405, 216.23461535674184, 12.580933848796482, 11.365059360588607
31.0, -15.0, -12.0, 2.0, -1.0, 25.0, -0.06254788533175523, -0.34482659878914435, -0.37594407191939666, 231.60181306092755, 11.942871748262492, 12.213989020250816
40.0, -25.0, -13.0, 2.0, 4.0, 8.0, -0.061277649980376755, -0.3629323821342841, -0.31739972102520075, 234.12054641496272, 12.363230166973763, 12.36846705598469
72.0, -13.0, -2.0, -4.0, 24.0, 4.0, -0.058164870209763984, -0.3322714658383595, -0.20642025342549966, 213.94957938422442, 13.262089564393818, 11.287647914215212
86.0, 3.0, 0.0, -9.0, 39.0, -16.0, -0.05815317337962721, -0.31911905017922143, -0.2088943340020601, 207.12881772762225, 12.988357297288335, 10.890846560986072
111.0, 6.0, 8.0, -13.0, 62.0, -30.0, -0.05795051917886526, -0.3012341757097172, -0.20136379172335978, 201.9709436560366, 12.805621954936802, 10.58630662018123
151.0, 11.0, 10.0, -20.0, 93.0, -32.0, -0.05398986410988716, -0.30559217488930357, -0.057348202782512764, 208.47175342305476, 13.399683780811714, 10.872702329391208
294.0, 16.0, 15.0, -33.0, 172.0, -88.0, -0.04685858899095434, -0.2996824494840448, 0.20510888682673484, 206.86751231557415, 14.908304209051614, 10.78718052340742
355.0, 8.0, 6.0, -37.0, 199.0, -81.0, -0.044792701855355097, -0.2951257840479107, 0.22478271721020937, 207.99203258808672, 13.677527562764, 10.860579755807526
449.0, 4.0, -1.0, -38.0, 226.0, -100.0, -0.03943803356777687, -0.30283997884846886, 0.37601173613718264, 215.09561798207125, 13.484513834495615, 11.214696061223323
562.0, 7.0, 11.0, -37.0, 275.0, -126.0, -0.03079427475827521, -0.3058630247015711, 0.7241020588190924, 221.74482948652246, 15.36476044193368, 11.529887011873594
756.0, 6.0, 49.0, -37.0, 383.0, -193.0, -0.027401181224315722, -0.26905442754583336, 0.8536972328080625, 211.85953633723938, 15.597036757215808, 10.987985199816352
835.0, -1.0, 51.0, -36.0, 426.0, -190.0, -0.024172257609001456, -0.26926511850113977, 0.8822413090967833, 218.4589714536345, 14.2330922619505, 11.311351340925023
917.0, -6.0, 55.0, -38.0, 470.0, -198.0, -0.019914919708995345, -0.2715355955148913, 1.0642174095718793, 225.84362860297287, 15.093506218406699, 11.73271301507678
991.0, -9.0, 65.0, -42.0, 514.0, -203.0, -0.012894027594915966, -0.3007488730180712, 1.3263643837611316, 245.3309729783108, 16.117109454197546, 12.784804373243839
1136.0, -19.0, 88.0, -26.0, 562.0, -227.0, -0.010323967334907931, -0.27154948251255007, 1.377647253241522, 230.80886125271132, 15.921103003263752, 11.941778124462518
1191.0, -16.0, 101.0, -23.0, 592.0, -254.0, -0.007479571905061853, -0.3134769583995661, 1.5250099984902705, 258.1511457577627, 16.94657324765408, 13.426831990752675
1243.0, -23.0, 107.0, -25.0, 620.0, -263.0, -0.006178923836075842, -0.3213810174701061, 1.5837515858412026, 264.73594225287127, 16.570083595200984, 13.76312895873801
1290.0, -27.0, 106.0, -25.0, 641.0, -272.0, -0.0040726606948576945, -0.28597423483392126, 1.6044446257224787, 248.34990153874782, 16.180951313282257, 12.906072022403183
1357.0, -36.0, 87.0, -21.0, 655.0, -250.0, -0.0015172682501308973, -0.2940797382543248, 1.697514733238145, 256.534070248261, 16.621799214062662, 13.356054321272007
1357.0, -30.0, 94.0, -16.0, 659.0, -275.0, -0.0005069042033102843, -0.2945363788952723, 1.7337490156875708, 260.516853511426, 16.74708944715198, 13.530360324854609
1395.0, -37.0, 107.0, -13.0, 671.0, -295.0, -0.00038987852912696075, -0.2973044447871276, 1.7335135037038991, 258.4378054405315, 16.30695692707892, 13.498426247911635
1416.0, -45.0, 97.0, -10.0, 675.0, -266.0, -0.0005143287381789985, -0.311180556299733, 1.7472759005620155, 273.75782990368344, 16.464807054620003, 14.263247190001564
1339.0, -65.0, 64.0, -6.0, 632.0, -195.0, -0.0032794806522658954, -0.33255450717260904, 1.5902957737153836, 283.2261525965949, 15.125627278981362, 14.880707769035913
1254.0, -65.0, 57.0, -4.0, 592.0, -178.0, -0.008579111294143297, -0.31738429102530863, 1.3965293636533496, 268.5361775434206, 14.75765886517511, 14.045331994378396
1138.0, -40.0, 71.0, -3.0, 560.0, -201.0, -0.016343653724101192, -0.29971965443738924, 1.2050057597864607, 255.7738854995292, 15.084942368451678, 13.381782331298401
1034.0, -25.0, 92.0, -1.0, 536.0, -186.0, -0.025210536806520963, -0.3596128542073939, 0.9499094628452092, 273.1698656956963, 14.722715383885646, 14.312115309281815
776.0, -81.0, 60.0, 18.0, 407.0, -31.0, -0.03130209326882412, -0.3808715252243981, 0.7146092257245484, 288.2019920659028, 14.174523598747246, 15.26958091361733
598.0, -105.0, 23.0, 37.0, 300.0, 59.0, -0.042260551847378605, -0.39251506249906887, 0.2314798739922499, 289.80928265807586, 11.69412587634803, 15.435777392678633
426.0, -104.0, -8.0, 44.0, 207.0, 97.0, -0.04756078723869856, -0.37614132784109444, 0.055807570665275086, 276.1108536983267, 11.525460076752491, 14.686359233397177
275.0, -75.0, -10.0, 41.0, 152.0, 84.0, -0.058519831073757946, -0.3561438812503728, -0.24770730592905588, 250.9290348012909, 11.246029104560014, 13.280657729633234
96.0, -3.0, -9.0, 26.0, 94.0, 14.0, -0.0641485976908976, -0.31775987489619584, -0.39234708170775257, 216.55043325790453, 11.643537281213042, 11.394347717364068
44.0, 3.0, -9.0, 20.0, 79.0, -4.0, -0.06321341840309452, -0.32398357760474283, -0.41127255920630046, 207.04449591760604, 11.483650806877288, 10.911383659274199
21.0, 7.0, -18.0, 14.0, 65.0, -6.0, -0.0606719250365448, -0.3510661895926582, -0.3324549390130476, 217.84946313673376, 12.195024733974035, 11.466864169759234
14.0, -5.0, -19.0, 10.0, 58.0, 12.0, -0.06078873919479664, -0.3376155119295558, -0.3201458142959259, 208.61392649347164, 12.505096791838119, 11.008672066760257
5.0, -4.0, -14.0, 12.0, 55.0, 15.0, -0.06448207527712571, -0.35022632520991215, -0.4148697455496645, 217.78742245308348, 12.015604931445415, 11.516924872080418
1.0, -6.0, -8.0, 11.0, 52.0, 12.0, -0.06423074047081474, -0.3100024625702225, -0.43589643687143803, 215.78887193717037, 11.59460009287596, 11.325455134757473
-2.0, -12.0, -9.0, 12.0, 48.0, 15.0, -0.06265899128139653, -0.29558374724704967, -0.4060802260690477, 209.90475216782542, 11.708881949064148, 11.123485546171544
-5.0, -16.0, -7.0, 13.0, 45.0, 3.0, -0.06317022133880434, -0.31416200163111485, -0.42052625672716165, 216.4314271715485, 11.559370454256017, 11.452714716508954
-8.0, -18.0, -3.0, 14.0, 38.0, -4.0, -0.0645432906882743, -0.3625105166797713, -0.417619797237051, 230.90090384903067, 11.993965524966633, 12.249818521428184
-6.0, -16.0, -4.0, 13.0, 33.0, -18.0, -0.06334286222532709, -0.37675121308075105, -0.3811123063801849, 233.05249655829064, 12.210340663431293, 12.31554176007393
-3.0, -12.0, -8.0, 13.0, 31.0, -10.0, -0.061618823969401104, -0.314935651916097, -0.35966547808862115, 200.08831228406717, 12.21468506612505, 10.5854627722103
-2.0, -8.0, -8.0, 12.0, 28.0, -4.0, -0.06253426004908014, -0.34487751035106384, -0.3695135430415514, 223.12395166824575, 12.312208224671828, 11.795582499395637
-10.0, -2.0, -3.0, 12.0, 24.0, 8.0, -0.06563354248710938, -0.310510270648451, -0.4556430112515024, 213.43086028434485, 11.856075123060243, 11.21403580661776
-21.0, -1.0, -1.0, 12.0, 20.0, 18.0, -0.06591200595094668, -0.30115679432625964, -0.4781058241230993, 206.19961955377204, 11.572816962463984, 10.849702040915759
-22.0, -1.0, -3.0, 11.0, 20.0, 13.0, -0.06341236780446509, -0.33222320872420985, -0.40839572161936405, 216.06364352258504, 11.993851251964385, 11.419292634891438
-29.0, -3.0, -5.0, 10.0, 19.0, 15.0, -0.06346116609467191, -0.3155274177089435, -0.4225610402450021, 202.78449031855348, 11.917941778773097, 10.685690277606247
-48.0, -5.0, -1.0, 6.0, 10.0, 14.0, -0.06566656400320316, -0.35158322715571905, -0.4728435409014009, 215.51125991043608, 11.744296836245487, 11.356046310549733
-60.0, 6.0, -8.0, 7.0, -1.0, 18.0, -0.06731851902892982, -0.3554482261254475, -0.5114813869812929, 220.14384356099623, 11.817011180464194, 11.599801116071397
-84.0, 3.0, -6.0, 9.0, -10.0, 29.0, -0.06722932151286039, -0.30350686648961483, -0.5235849792764713, 196.32362410076033, 11.991101671199017, 10.27814694734616
-106.0, 7.0, -9.0, 6.0, -20.0, 33.0, -0.06831197552393212, -0.2888017955191424, -0.5873513037193758, 190.17825301204243, 11.587173160346772, 10.037705384314913
-162.0, -8.0, -12.0, 9.0, -41.0, 32.0, -0.07065830104727389, -0.33711348390862195, -0.6348222033999718, 218.12474789346106, 11.64628036189145, 11.572565841336576
-204.0, -14.0, -15.0, 11.0, -49.0, 33.0, -0.07444542184408513, -0.35242663989957235, -0.7544275149780053, 222.72974810991818, 11.109930111487902, 11.758698888340458
-254.0, -4.0, -27.0, 11.0, -66.0, 51.0, -0.07585974530251313, -0.30815899073683334, -0.8290855922108896, 187.50514182577066, 11.280134119626226, 9.95192770441917
-319.0, 1.0, -38.0, 10.0, -85.0, 61.0, -0.07916139220719433, -0.3365536470112588, -0.9552075149784207, 198.1451201529965, 10.965591019494267, 10.478131879965325
-477.0, 11.0, -40.0, 12.0, -157.0, 121.0, -0.08204508157579368, -0.34647806925328084, -1.009677905944916, 200.93749613221001, 11.806471440045456, 10.600108620415947
-561.0, 22.0, -37.0, 10.0, -198.0, 160.0, -0.09193413947901752, -0.3216277008652578, -1.3502278560016914, 179.46265231245434, 10.41455086344528, 9.4159658348528
-629.0, 32.0, -41.0, 12.0, -236.0, 175.0, -0.0953604821541559, -0.3047806195357284, -1.4470786656593937, 169.6059033999469, 10.741071538673083, 8.888814169746519
-706.0, 38.0, -41.0, 16.0, -276.0, 187.0, -0.09652001175658126, -0.3128584582485662, -1.4775887450714118, 172.78945687381255, 11.069508109184321, 9.128516549382262
-843.0, 21.0, -61.0, 7.0, -308.0, 178.0, -0.10100184638808143, -0.3313303707639655, -1.6521972305117425, 176.38663514055423, 10.288975543904698, 9.377865280000927
-899.0, 27.0, -73.0, -1.0, -315.0, 186.0, -0.1043535313098189, -0.3199410353708796, -1.8257608837146335, 159.86958969902554, 8.940776657603248, 8.496480117079948
-934.0, 29.0, -80.0, -4.0, -314.0, 210.0, -0.10386854699538497, -0.3110679210058725, -1.7614200596526577, 156.63586531112756, 10.313212113879107, 8.306967864978713
-957.0, 17.0, -82.0, -6.0, -321.0, 199.0, -0.10861500366006019, -0.34151976232257286, -1.9288938464813392, 179.45615094618014, 9.238716671530184, 9.537804099204218
-1043.0, 11.0, -76.0, 1.0, -381.0, 202.0, -0.10905390394610075, -0.3153896805075555, -1.9498614056561638, 163.13979493785686, 9.490264158058988, 8.702523508821212
-1088.0, 20.0, -84.0, -3.0, -398.0, 215.0, -0.11164048466388064, -0.3072398183374087, -2.0346752396155474, 154.92099111435851, 9.247284322479256, 8.251435259175855
-1112.0, 28.0, -86.0, -5.0, -407.0, 224.0, -0.11368936119307244, -0.3163436458364585, -2.093863716357033, 155.5256217343473, 9.076848974848836, 8.290986337881186
-1126.0, 28.0, -84.0, -1.0, -416.0, 203.0, -0.11418461212690001, -0.3245147257573592, -2.1164785120317404, 157.38061076326238, 9.038711637456409, 8.455410242912889
-1159.0, 6.0, -89.0, 0.0, -431.0, 181.0, -0.11325919213751204, -0.36536316136637603, -2.090482500713481, 177.7131583312138, 9.356217091432743, 9.507810725288948
-1171.0, 25.0, -90.0, -2.0, -440.0, 186.0, -0.1153897220959068, -0.3260553640719053, -2.162944587872061, 154.5664838823275, 9.053569712553465, 8.275599524563706
-1187.0, 30.0, -88.0, -2.0, -447.0, 194.0, -0.11529501634693926, -0.2998293290145408, -2.159358871853459, 141.71256649893007, 9.202566272221024, 7.538706594424973
-1196.0, 26.0, -87.0, 0.0, -454.0, 184.0, -0.11693003370224325, -0.3459383781466765, -2.2016195874648052, 171.12572785720093, 8.897021670350952, 9.22833383574989
-1198.0, 34.0, -87.0, -1.0, -467.0, 179.0, -0.11736507965414647, -0.3381593126495188, -2.2170205654139554, 168.22537563192088, 8.877898136819631, 9.027237148502135
-1195.0, 41.0, -87.0, -3.0, -469.0, 188.0, -0.11344117898781367, -0.29474615511235513, -2.088010846537818, 138.05832994362513, 9.992422270291968, 7.381347338773152
-1177.0, 44.0, -82.0, -3.0, -460.0, 201.0, -0.11479815322196496, -0.3351745949490513, -2.1210398737262626, 159.43352560425825, 9.462872883142488, 8.470366834672427
-1148.0, 40.0, -73.0, 0.0, -454.0, 204.0, -0.1106468041763718, -0.32946820799612064, -1.9791508932716342, 159.4512306357231, 9.98891083162971, 8.499661960514599
-1011.0, 20.0, -57.0, 4.0, -411.0, 197.0, -0.10625139561056195, -0.32876585056611624, -1.8369765121212742, 162.3278103784018, 10.1580303285285, 8.62973006678144
-897.0, 14.0, -49.0, 7.0, -369.0, 190.0, -0.09966419581809058, -0.3363477819887736, -1.6307312165182155, 181.3731730101348, 10.09797338876933, 9.610521594537312
-761.0, 5.0, -36.0, 10.0, -326.0, 163.0, -0.0931381216711001, -0.355971315446063, -1.3781825504806449, 204.77570224753904, 10.665169616944137, 10.867564940335768
-603.0, -3.0, -15.0, 18.0, -290.0, 113.0, -0.08274557972244194, -0.3572413621824051, -0.992715951287831, 219.00620771199686, 12.13756847615467, 11.645186471854917
-342.0, -23.0, 14.0, 22.0, -197.0, 59.0, -0.07583501705562647, -0.36984539708303626, -0.762203885716003, 232.40036925270772, 12.49116180996629, 12.307628466439477
-236.0, -11.0, 19.0, 17.0, -155.0, 55.0, -0.07051711975477108, -0.34293015643814245, -0.5994485318410651, 216.03728070069116, 12.774518712228751, 11.413266683607954
-162.0, -5.0, 17.0, 9.0, -119.0, 56.0, -0.06616673737950901, -0.31611365691120036, -0.46259866788935183, 200.47842896120324, 13.22787203500081, 10.575861063927592
-71.0, 1.0, 20.0, 6.0, -73.0, 32.0, -0.06408244971896199, -0.31171773876773656, -0.38431770158677436, 198.18945309359697, 13.43196496712697, 10.443148858973384
-46.0, -4.0, 24.0, 1.0, -63.0, 26.0, -0.0642881216992768, -0.34117055575766786, -0.38378257123332477, 217.21363862091445, 13.103490609555852, 11.478124109106053
-36.0, -5.0, 24.0, 5.0, -48.0, 5.0, -0.06379617444721326, -0.3330834438198782, -0.366257772932744, 216.14838651645934, 13.181653670804304, 11.37018513838933
-15.0, -3.0, 19.0, -1.0, -44.0, -2.0, -0.0630114246216624, -0.34528314163879403, -0.3459421424016256, 228.46775249393167, 13.11146221777176, 12.046461872844796
-14.0, -6.0, 14.0, 0.0, -34.0, -15.0, -0.0633038944922363, -0.31978410822654935, -0.36808056015336804, 212.7444766339342, 12.790148515648191, 11.179670191050775
-18.0, -10.0, 15.0, 0.0, -22.0, 3.0, -0.06384669980693149, -0.3284602205175679, -0.3861501823497727, 216.49770784491938, 12.643046457208838, 11.387502189169414
-12.0, -1.0, 12.0, 1.0, -23.0, -1.0, -0.06412091946351453, -0.33227778276968184, -0.39277045592105675, 213.97414642883416, 12.643976738535283, 11.2881523109086
-15.0, -9.0, 12.0, 1.0, -18.0, 1.0, -0.06181476162117743, -0.32881962497381323, -0.3232133094189721, 212.55840936557198, 13.148382789791397, 11.162870686861046
-19.0, -13.0, 9.0, 0.0, -14.0, -3.0, -0.06263205419439538, -0.3337878393976528, -0.3512583105431306, 217.52045131756495, 12.877272895473252, 11.394954530544771
-14.0, -13.0, 7.0, -1.0, -10.0, -2.0, -0.06189257907716624, -0.3191979348132352, -0.33130876318521296, 210.0534727146129, 13.049534188700058, 11.07972044955628
-10.0, -10.0, 3.0, -2.0, -6.0, -7.0, -0.06282832460158737, -0.3240844716060903, -0.357086293209223, 214.22543340913796, 12.8598567691738, 11.255280964168765
-6.0, -9.0, 1.0, -4.0, -4.0, -7.0, -0.06350786313397738, -0.336941602641093, -0.38480401480633347, 220.7732338528426, 12.499396956504118, 11.61360416411119
-4.0, -3.0, -1.0, -3.0, -2.0, -3.0, -0.06190598818893185, -0.3197049033441661, -0.33726294707267557, 211.95196738354855, 12.872897161414507, 11.122885244415277
-6.0, -4.0, -1.0, -4.0, -2.0, -9.0, -0.06180019510490916, -0.3386043434844721, -0.3258319799446622, 216.64414068896448, 12.967717383012943, 11.359272204089788
1.0, -3.0, 3.0, -4.0, -4.0, -10.0, -0.062394714815764536, -0.31018101085910954, -0.3476383217714144, 198.8763648776526, 12.85980834685479, 10.49032147994279
1.0, -8.0, 3.0, -3.0, -4.0, -11.0, -0.061347130980438, -0.3188321681142668, -0.3005865537338579, 204.73156160723855, 13.315894429850275, 10.829806654620732
0.0, -6.0, 6.0, -2.0, -6.0, -4.0, -0.062433091918859374, -0.3243966444957997, -0.3412309460030583, 212.38722549369285, 12.893039615373599, 11.162076978323842
3.0, -6.0, 5.0, -4.0, -4.0, -7.0, -0.06368942850223697, -0.3327574942079949, -0.3944034146952732, 217.9788777555702, 12.297703619213518, 11.463163208121443
5.0, -5.0, 5.0, -2.0, -4.0, -11.0, -0.062012228324575855, -0.32826323944055913, -0.3244079984618196, 217.01372432130665, 13.011458305022623, 11.405705875823154
6.0, -4.0, 7.0, -3.0, -2.0, -15.0, -0.06207968320564057, -0.3318504697717274, -0.3204351458633216, 217.1163707280625, 13.16552396798755, 11.45615395766859
-1.0, -5.0, -3.0, -3.0, -6.0, -7.0, -0.061211131869228254, -0.3150415229187063, -0.31159653112166846, 205.14910078835564, 12.977671542004625, 10.797464941087304
-4.0, -1.0, -17.0, -8.0, -14.0, -5.0, -0.062363028428344854, -0.319451795736028, -0.36031565261652243, 205.32011318690567, 12.55206021301388, 10.798039060337835
-12.0, -8.0, -33.0, -5.0, -15.0, 9.0, -0.062234527535112126, -0.3381442239824423, -0.39589330392944855, 221.90380178627936, 11.952563425301442, 11.6588395459135
-17.0, -28.0, -48.0, -6.0, -14.0, -1.0, -0.06255339384647544, -0.3457602860675702, -0.4152991456923986, 228.216455083054, 11.67078132339256, 12.06611220437695
-22.0, -15.0, -42.0, -4.0, -7.0, -2.0, -0.06351719667235056, -0.3148570030728322, -0.43798584122557105, 210.680137914397, 11.701737108352312, 11.13533677884132
-22.0, -3.0, -40.0, -8.0, -1.0, -24.0, -0.0638921425198902, -0.31497435299436466, -0.44918665540994457, 209.3690620303259, 11.687986489303675, 11.0605933227742
-25.0, -12.0, -54.0, -12.0, 7.0, -22.0, -0.06354574245461052, -0.3269709189815557, -0.4632467014165875, 208.70541396343066, 11.202955490153938, 11.125954953578503
-22.0, -13.0, -93.0, -17.0, -1.0, -5.0, -0.06319092129871422, -0.35578904126400634, -0.5464914706185044, 225.43447587433698, 9.480266286184266, 11.957984109242282
-19.0, -54.0, -212.0, -25.0, -38.0, 4.0, -0.06067644675367969, -0.31595642211287644, -0.5244916807623742, 208.8759229191118, 9.19213194305814, 11.10023343868291
-30.0, -42.0, -285.0, -36.0, -63.0, 37.0, -0.05963673078593154, -0.2911239961165042, -0.5593955955056105, 198.75204926966086, 8.330074125047929, 10.52197643739574
-50.0, -22.0, -391.0, -60.0, -92.0, 90.0, -0.06362341916204663, -0.2217219212999504, -0.8339612930829468, 155.27800366254905, 5.154137702027081, 8.121430329732641
-58.0, -14.0, -533.0, -92.0, -135.0, 161.0, -0.06331529657037141, -0.21673660490407087, -0.9887317766958619, 148.6118428069809, 2.371378997497006, 7.654653968032728
-2.0, -68.0, -872.0, -152.0, -230.0, 248.0, -0.05389710224249991, -0.20825059614642394, -0.9491275190131055, 153.55768547261016, -0.4155434968068964, 8.0108183876967
22.0, -95.0, -987.0, -168.0, -256.0, 247.0, -0.04909280661331781, -0.20269157329333143, -0.9358108405642082, 153.01629290541302, -1.9963124559332261, 8.12951357910858
30.0, -112.0, -1069.0, -176.0, -277.0, 256.0, -0.04940180625161156, -0.1973995988020391, -1.0411511578971497, 148.18670754479768, -3.8218583292320414, 7.756586591814838
26.0, -111.0, -1168.0, -196.0, -311.0, 327.0, -0.05447013337261883, -0.16204837807020392, -1.3232439663319464, 139.74336680143642, -7.076999189509491, 7.2992381810120115
5.0, -102.0, -1363.0, -242.0, -372.0, 431.0, -0.05089124447653004, -0.10626562256054072, -1.325982449716868, 109.18822252196158, -7.920803061658447, 5.602664024540698
7.0, -108.0, -1404.0, -248.0, -380.0, 398.0, -0.04678244627366549, -0.08873704588161484, -1.2586232926497185, 97.954720706502, -7.946572940363148, 5.050798648463316
13.0, -130.0, -1456.0, -246.0, -408.0, 383.0, -0.044884542506325446, -0.1327521031500587, -1.2397040558726935, 126.53170757202642, -8.56428934557575, 6.641217110152542
16.0, -156.0, -1503.0, -242.0, -435.0, 381.0, -0.04815060797903505, -0.18072152018903875, -1.3732500232468974, 149.17190525841843, -10.092924722589672, 7.926028789926854
8.0, -154.0, -1549.0, -250.0, -448.0, 333.0, -0.050685258389756946, -0.1851110029969967, -1.4712108234418868, 142.20512278431363, -10.817273575776197, 7.584595930410538
40.0, -176.0, -1577.0, -244.0, -444.0, 288.0, -0.046924771413673606, -0.17095760319684983, -1.3773910844319288, 140.8381549346637, -10.585740942069709, 7.575331534157268
64.0, -213.0, -1599.0, -233.0, -443.0, 262.0, -0.04340758205219541, -0.1942490064980014, -1.3493403432672006, 175.13103577914706, -11.802194133438835, 9.576496699844444
50.0, -223.0, -1559.0, -216.0, -411.0, 200.0, -0.0471213666100574, -0.1763344085923524, -1.373084122816228, 160.7141753850585, -10.375885379296161, 8.797760725654525
15.0, -190.0, -1482.0, -206.0, -386.0, 176.0, -0.050525227306061585, -0.19567560829654623, -1.4353114423108577, 166.52785341626497, -10.469159898756628, 9.021425758527105
27.0, -214.0, -1428.0, -192.0, -363.0, 162.0, -0.051878338860169355, -0.29350313372006004, -1.3929202124920728, 220.24633172740462, -9.686624228092162, 12.049340069748034
25.0, -230.0, -1400.0, -182.0, -365.0, 169.0, -0.046672038687996006, -0.25526259551759134, -1.1803577714520483, 200.90453123613622, -7.134804711149705, 10.904511507105372
-25.0, -188.0, -1281.0, -170.0, -321.0, 156.0, -0.04831654005455589, -0.16547470589390412, -1.151977179887617, 136.09448399858243, -5.090727936106407, 7.322810954875897
-174.0, -46.0, -844.0, -120.0, -176.0, 159.0, -0.06461651318515647, -0.22136415168698903, -1.163321948588042, 151.13002383241667, 0.770598281279459, 7.932536928222547
-197.0, -1.0, -592.0, -88.0, -62.0, 127.0, -0.07148923362375746, -0.27729570144825555, -1.0594594519599956, 171.15654672948415, 4.664713766309495, 8.973039119202708
-198.0, 5.0, -401.0, -54.0, 2.0, 105.0, -0.07162117790185046, -0.3063524944637397, -0.9281689092681612, 181.96894959785593, 7.011492431156032, 9.570799957791515
-154.0, -23.0, -314.0, -35.0, 8.0, 87.0, -0.06171922004150437, -0.3398785087686955, -0.6580474965864171, 214.3093250397962, 7.876031108401056, 11.413917825572128
-45.0, -64.0, -245.0, -12.0, -34.0, 115.0, -0.055860178654214075, -0.3335776299986646, -0.39110390743869117, 232.25475679206227, 9.949461689430237, 12.313456517024132
-9.0, -62.0, -205.0, -4.0, -75.0, 137.0, -0.06297563272643389, -0.350924047329648, -0.49234902998953767, 241.90580344178863, 10.191622319883276, 12.752900859955435
-4.0, -48.0, -169.0, -4.0, -90.0, 131.0, -0.06836511636069392, -0.35785078174665896, -0.6317825665335463, 244.7436916356439, 9.591932513007542, 13.004330897155095
-7.0, -21.0, -91.0, 1.0, -46.0, 46.0, -0.0636604630159126, -0.2842380204811377, -0.4485119275190541, 206.91941550965964, 11.58595734403264, 10.871639154258219
-4.0, -13.0, -23.0, 8.0, 6.0, -4.0, -0.05758616970499506, -0.306098930584768, -0.21639625795385337, 206.11468199220582, 13.629476957382801, 10.870088075789987
3.0, -8.0, -18.0, 11.0, 8.0, -21.0, -0.05965828736214078, -0.3553034955094137, -0.30442012605086366, 225.66238707815407, 12.618830666789577, 11.937295883585016
16.0, -3.0, -14.0, 9.0, 13.0, -22.0, -0.06281909765805882, -0.3556098260489949, -0.3250690065485026, 216.7167605816255, 13.177714217860649, 11.392950976009491
6.0, 2.0, -10.0, 6.0, 10.0, -14.0, -0.06125664355367344, -0.3424430233320826, -0.2711171572513024, 212.00462504831933, 13.661829699130596, 11.127977179460544
-2.0, 2.0, -20.0, 4.0, 12.0, 2.0, -0.05946747827802937, -0.3106052613081977, -0.3184058681988146, 216.33685377990943, 12.306592478045237, 11.402072078950809
-1.0, -3.0, -33.0, -3.0, 19.0, -7.0, -0.060734572728859244, -0.2930442402227828, -0.3555716580375027, 209.3554017778771, 12.152107973462426, 11.004608745698237
-8.0, -1.0, -35.0, -1.0, 28.0, 0.0, -0.06342877521581752, -0.31953269598328926, -0.3918229025756978, 215.36063153181146, 12.358074987088468, 11.328658639407141
-12.0, -4.0, -39.0, -2.0, 30.0, 2.0, -0.06373562622679366, -0.35394780135213777, -0.4266338849000915, 227.9595226196169, 11.828892763255057, 12.098623761105586
-3.0, 2.0, -24.0, 2.0, 16.0, -13.0, -0.05916454033145756, -0.33792682079135844, -0.2636402972607839, 213.1539056263943, 13.200708741063057, 11.201889018659422
-5.0, -3.0, -17.0, 4.0, 8.0, 0.0, -0.061004634434852635, -0.34249395366493907, -0.3290119235582575, 214.90303813602475, 12.587477293708867, 11.315830087700036
-2.0, -3.0, -11.0, 5.0, -4.0, 10.0, -0.06279653389204655, -0.3546865064689223, -0.36727935475734713, 227.225968245246, 12.442088132562954, 11.992081305261962
3.0, -6.0, -11.0, 5.0, -10.0, 16.0, -0.06263035977928123, -0.3151603045678958, -0.33615507696573077, 213.08890466748164, 13.02883332267496, 11.196763165164347
7.0, -7.0, -19.0, 4.0, -20.0, 2.0, -0.06085368676485966, -0.3149732357972166, -0.3312315855271357, 222.86253767276816, 12.557144741543189, 11.689025754343978
3.0, -5.0, -11.0, 4.0, -12.0, 0.0, -0.06074442940166701, -0.3012407832305957, -0.3511955889593628, 209.1008263720307, 12.221329309964958, 11.03742757783085
6.0, -4.0, -15.0, 5.0, -19.0, -9.0, -0.06168121783591505, -0.33306370951237585, -0.34075481441546923, 216.13193534152074, 12.536081650465887, 11.36914093483477
0.0, -5.0, -12.0, 5.0, -14.0, -3.0, -0.06374822755202612, -0.35910839333141736, -0.40304164733443565, 223.14342760351033, 12.233047244451255, 11.838248045684368
-4.0, -15.0, -7.0, 6.0, -12.0, 0.0, -0.06087942834807008, -0.35880586823682786, -0.3346412344035474, 224.97742919443502, 12.45547558834882, 11.931336215045418
-14.0, -15.0, -18.0, 5.0, -21.0, -3.0, -0.05976064513926671, -0.341697968050737, -0.3210800805654104, 224.10121825198337, 12.409826543516541, 11.840147518013758
-22.0, -7.0, -16.0, 6.0, -21.0, -10.0, -0.06363343546838952, -0.30573944129417685, -0.4456030094543272, 210.07154138194738, 11.751199139959429, 11.095056671739297
-44.0, -2.0, -3.0, 5.0, -22.0, -28.0, -0.06630822317861562, -0.31100323094076854, -0.4414527344784184, 208.1979178810499, 12.910597401571508, 10.9146718446366
-107.0, 61.0, 80.0, 1.0, 15.0, -89.0, -0.06568798617777374, -0.2549688057162504, -0.3791696450554789, 166.01238276003014, 14.45880287463588, 8.573654384373095
-139.0, 83.0, 158.0, 5.0, 56.0, -124.0, -0.06590605048872582, -0.2853562706132817, -0.2914587685882019, 161.02391840328912, 16.251191548764076, 8.380443908576174
-130.0, 81.0, 220.0, 5.0, 94.0, -185.0, -0.0682308027238246, -0.36318655193748484, -0.24259109944036272, 199.52440023357335, 17.507715182116243, 10.533073764102197
-105.0, 79.0, 240.0, 2.0, 133.0, -156.0, -0.06744003525189048, -0.374877854822834, -0.22465056599810687, 223.45231631577582, 16.894205172312045, 11.795481375915946
-147.0, 79.0, 294.0, 4.0, 141.0, -100.0, -0.06318432121931936, -0.2927216419807501, -0.0796340381703304, 189.81928302801114, 18.673077128155587, 9.853841919584902
-169.0, 68.0, 381.0, 17.0, 159.0, -83.0, -0.06479705399418845, -0.2984406066364139, -0.05285283776382471, 209.25753553292245, 19.710938193000594, 10.952978960812267
-171.0, 69.0, 474.0, 30.0, 199.0, -79.0, -0.07344322798009753, -0.35823489040240764, -0.11468839356155111, 245.29940085406187, 21.178420877665083, 12.844339221797156
-181.0, 77.0, 517.0, 32.0, 214.0, -77.0, -0.07775364414710835, -0.36639467094917677, -0.17948293821242012, 211.34743462611763, 21.957956460231053, 10.956279094235194
-187.0, 102.0, 588.0, 41.0, 243.0, -35.0, -0.07111959469437505, -0.35474131264622905, -0.02080273235022362, 200.92595762972007, 22.840074950585308, 10.322889581816137
-162.0, 88.0, 627.0, 51.0, 260.0, -27.0, -0.06422587057445413, -0.34547431737066675, 0.25100077838706014, 194.45758552999126, 25.180497196276338, 10.014394051996362
-103.0, 68.0, 675.0, 62.0, 311.0, -125.0, -0.06793439671389616, -0.43057428086577165, 0.2365811142738637, 241.09521995026512, 25.36039313950299, 12.667605399878736
-66.0, 74.0, 732.0, 73.0, 363.0, -217.0, -0.07472168448802693, -0.4290652989950863, 0.07605365103289125, 257.4485599587033, 24.599962090629507, 13.478223641582103
-72.0, 78.0, 762.0, 68.0, 414.0, -186.0, -0.07372422473813776, -0.36729441247574884, 0.12597851219738626, 238.00672192040776, 25.31622461042842, 12.378485692079144
-89.0, 63.0, 743.0, 66.0, 426.0, -166.0, -0.07363371832987613, -0.3495668823354596, 0.006024852260295588, 236.55570477035513, 23.173784856249092, 12.318685191191587
-89.0, 41.0, 760.0, 77.0, 433.0, -221.0, -0.07104746765515067, -0.3832831001739959, 0.10821869108209693, 245.65138531664235, 24.222327287159022, 12.931221515458077
-65.0, 64.0, 817.0, 90.0, 456.0, -270.0, -0.0726688049151856, -0.43855758916688026, 0.2652184881038294, 249.87903126837875, 27.022162513266824, 13.029846927978316
-54.0, 86.0, 815.0, 91.0, 461.0, -236.0, -0.07422808757387912, -0.4397168429218779, 0.1558404839993952, 241.75212296839223, 25.752464652726925, 12.600528630664705
-86.0, 72.0, 786.0, 99.0, 435.0, -216.0, -0.0721358553938498, -0.43484103725962914, 0.08765545949232778, 244.69713067836332, 24.377195113077818, 12.875524921387013
-96.0, 60.0, 792.0, 108.0, 428.0, -261.0, -0.06856440916839401, -0.3883575966412647, 0.2187616052717026, 240.03633685562247, 25.379763547046693, 12.61383310588904
-65.0, 68.0, 811.0, 105.0, 469.0, -339.0, -0.07243317307615338, -0.38768217881933265, 0.20751708983160477, 250.0633110822794, 26.051271831164648, 13.087602033325801
-50.0, 66.0, 821.0, 104.0, 485.0, -331.0, -0.07806027383005035, -0.38699174577929607, 0.0066060838777106945, 246.59676572040405, 24.272914722951477, 12.931384402342719
-54.0, 68.0, 829.0, 108.0, 490.0, -342.0, -0.07439926518177942, -0.40075871595121054, 0.10351973932904948, 249.72977410554597, 24.933139954485956, 13.14110276690125
-35.0, 70.0, 808.0, 94.0, 507.0, -366.0, -0.06733882650997383, -0.3880831057137647, 0.3089662544616347, 233.38492383931455, 26.114514806481463, 12.28895394985386
-11.0, 80.0, 794.0, 87.0, 528.0, -372.0, -0.0683789712325242, -0.4113309434841318, 0.25067268161974265, 228.97354070819011, 25.19242353968985, 12.050176180201575
17.0, 63.0, 794.0, 102.0, 502.0, -363.0, -0.07006301568559259, -0.4453112571698081, 0.2744440732950693, 258.2206436864945, 25.856499147299484, 13.618158760208479
16.0, 41.0, 792.0, 125.0, 447.0, -381.0, -0.07075859353943406, -0.4518206951922135, 0.22882312245401568, 275.5688197865879, 25.222570687779033, 14.644067335595086
27.0, 37.0, 751.0, 124.0, 424.0, -392.0, -0.0695299950007074, -0.43873815368735364, 0.1539528352423736, 283.02140439747444, 23.3360974145858, 15.041490136739789
50.0, 17.0, 673.0, 111.0, 413.0, -364.0, -0.0672474123967638, -0.4086437817010746, 0.10142795172317359, 276.90354799958334, 21.420475234111304, 14.665870862248033
34.0, -17.0, 534.0, 123.0, 266.0, -160.0, -0.06648472275721472, -0.4055694957464823, 0.10555961785723256, 274.4416241157606, 21.4640556454888, 14.503580361596276
5.0, -16.0, 489.0, 129.0, 189.0, -124.0, -0.0691490602954235, -0.4390019282928683, -0.12817172734472024, 270.95358740119764, 18.550582136240102, 14.401825816177803
1.0, -33.0, 411.0, 116.0, 151.0, -127.0, -0.06869525426700544, -0.4863737102688977, -0.12850255563495147, 288.77401846336966, 18.30214065387489, 15.454445464100843
12.0, -35.0, 335.0, 94.0, 152.0, -130.0, -0.06380208492612342, -0.42509583400736306, -0.09661679198048133, 266.9631610555855, 17.118248832543774, 14.241783202081596
23.0, -37.0, 179.0, 45.0, 127.0, -97.0, -0.06300229972991318, -0.36443313469070815, -0.21082698914915673, 241.49181105183703, 14.96160872789845, 12.842515641353714
18.0, -28.0, 120.0, 30.0, 89.0, -40.0, -0.0656682859432388, -0.3351667360665401, -0.3585977004291852, 235.45689213194086, 13.394020273897908, 12.418240049697003
6.0, -26.0, 69.0, 26.0, 36.0, 22.0, -0.06584484708410987, -0.31796736809879544, -0.3966703256944151, 224.5437681356186, 12.884996193475084, 11.796094166343124
4.0, -11.0, 29.0, 10.0, 16.0, 25.0, -0.06309369865082726, -0.3246302474251164, -0.38897614563690447, 209.76660261642115, 12.275798045861176, 11.012723437035083
-6.0, -12.0, 5.0, 4.0, 38.0, -7.0, -0.060718949186506894, -0.32976529633419066, -0.3255783449488313, 207.0525877520981, 12.635539029241937, 10.883408375687202
-4.0, -18.0, 9.0, 4.0, 38.0, 1.0, -0.06246299289404018, -0.36048312387040327, -0.3305777394147504, 223.0015509184369, 12.937819643234885, 11.700818575010773
2.0, -6.0, 5.0, 4.0, 33.0, -7.0, -0.062369997791668755, -0.3513269346610257, -0.3239389721182541, 215.244850922544, 13.132809210642282, 11.318284866072311
-2.0, -12.0, 7.0, 4.0, 34.0, -1.0, -0.06424638730645939, -0.3238769913081211, -0.40111616204210504, 214.7474544987484, 12.477854831995472, 11.273766053794233
-1.0, -9.0, 5.0, 5.0, 29.0, -11.0, -0.0618859866842328, -0.2830663914676067, -0.3285989629460366, 205.79347406287508, 12.970496282974052, 10.827509671994747
0.0, -9.0, 4.0, 4.0, 26.0, -9.0, -0.0632678904066201, -0.305346440699098, -0.3938550070246198, 211.11408982611766, 12.17231599396593, 11.132516737602211
-1.0, -6.0, 4.0, 4.0, 26.0, -3.0, -0.06437722694359672, -0.3415117337062773, -0.3947669078900606, 222.51862995825536, 12.549434478077108, 11.727762097233459
0.0, 0.0, 4.0, 4.0, 24.0, -9.0, -0.06331673470730068, -0.3535365602697503, -0.3372409756138046, 219.74244991833507, 13.176850170823112, 11.661588289782937
2.0, -1.0, 3.0, 4.0, 23.0, -5.0, -0.06112282374082209, -0.3507082508821256, -0.31235275352678765, 214.65962561829045, 12.947762145853144, 11.34971022315439
-2.0, -2.0, 3.0, 5.0, 23.0, -12.0, -0.061095485996625114, -0.33422571009243046, -0.31805331656909835, 214.37247083507435, 12.898007785194508, 11.227142191392943
2.0, -7.0, 3.0, 3.0, 21.0, -7.0, -0.06346004447800058, -0.33232485051671445, -0.35882150735086393, 221.12268927628764, 12.82972834804865, 11.631518482841015
0.0, -6.0, 4.0, 3.0, 21.0, -10.0, -0.0648914606039468, -0.31472935679957714, -0.4211670419564996, 216.2453297479115, 12.230787154240456, 11.365567390270906
1.0, -9.0, 4.0, 3.0, 20.0, -9.0, -0.06374757956847633, -0.31812046486015955, -0.4000578044642515, 216.86845976011364, 12.308245862068334, 11.4341073286998
3.0, -8.0, 5.0, 5.0, 20.0, -15.0, -0.06143407937690246, -0.31875940938383646, -0.3052042596130556, 213.19437106352888, 13.169283727306972, 11.247746946513423
1.0, -5.0, 4.0, 3.0, 21.0, -4.0, -0.06389638088327035, -0.3514077330583984, -0.3921663245082624, 216.04134948619782, 12.377570741237093, 11.374822055905113
-1.0, -9.0, 2.0, 2.0, 21.0, -2.0, -0.06316859005097612, -0.33854621630384335, -0.35983956788868754, 209.48996924758063, 12.840012330410087, 11.016379604075516
7.0, -9.0, 6.0, 2.0, 19.0, -3.0, -0.06220366459790812, -0.3193376354657805, -0.3245213051812498, 206.63120750966687, 13.148116162237045, 10.873405387811236
1.0, -11.0, 4.0, 2.0, 18.0, -5.0, -0.06189372496194243, -0.3144604713245221, -0.3397504151261568, 211.7158277773992, 12.732971742494824, 11.172182454074015
2.0, -14.0, 5.0, 4.0, 18.0, -3.0, -0.06404079016653123, -0.30076073251605173, -0.41321103314035956, 209.36309158382298, 12.113554800932008, 11.018442612892262
5.0, -14.0, 6.0, 4.0, 17.0, -9.0, -0.06434458641574635, -0.31922871404791753, -0.38725606470274565, 217.20253762576908, 12.662044955763259, 11.422914275425276
-3.0, -14.0, 4.0, 2.0, 19.0, -11.0, -0.062083683036721064, -0.33296204870504853, -0.32986032945425015, 217.45304377677346, 12.958978521948348, 11.445105708689038
3.0, -14.0, 6.0, 3.0, 17.0, -7.0, -0.0633827971654584, -0.34249545849238877, -0.38862985104768166, 214.91202194963233, 12.296452052491517, 11.316704707243014
1.0, -11.0, 7.0, 2.0, 17.0, -10.0, -0.06173256005371662, -0.33314636107202605, -0.31539926755954467, 207.67352246833462, 13.170087765352154, 10.952181552899045
-2.0, -11.0, 5.0, 3.0, 20.0, -7.0, -0.06319263870020843, -0.3457694817484351, -0.3643599768165762, 216.8485949328958, 12.665749097180571, 11.460440279493458
2.0, -12.0, 4.0, 1.0, 15.0, 3.0, -0.06347177125355288, -0.3062863719515269, -0.37261546137747925, 209.86337737578987, 12.72566549901747, 11.007768167384135
3.0, -16.0, 4.0, 3.0, 18.0, -5.0, -0.06253223153296851, -0.2978918789565287, -0.35296094543015566, 210.63691142314724, 12.761759273784886, 10.993123779145817
-1.0, -16.0, 4.0, 5.0, 16.0, -4.0, -0.0629292228893824, -0.3057795330736062, -0.36995452660807, 207.96491378527458, 12.606742972202895, 10.964471879583316
1.0, -14.0, 7.0, 3.0, 16.0, -2.0, -0.06373198825390586, -0.34154755270191756, -0.3775032199468533, 220.4147052987128, 12.596419703199082, 11.596206534737624
-1.0, -14.0, 5.0, 2.0, 15.0, 3.0, -0.06268847069593145, -0.33302712554328157, -0.3488624537515607, 208.9887148740202, 12.79688871982197, 11.027252874079428
1.0, -16.0, 5.0, 3.0, 16.0, -7.0, -0.062320143583375676, -0.3467138208706156, -0.33663434410247733, 215.59887865703774, 12.926317669677593, 11.335616097604184
3.0, -12.0, 6.0, 2.0, 16.0, -5.0, -0.06307715743192094, -0.3278939527594362, -0.37012397116811246, 211.69773778331228, 12.535940856501124, 11.155945235201267
1.0, -11.0, 5.0, 3.0, 16.0, -7.0, -0.06333716415058764, -0.3410860263734565, -0.3693812923759661, 225.66659989305583, 12.603937049180134, 11.895850521829892
-2.0, -14.0, 5.0, 4.0, 15.0, -3.0, -0.06407835030136358, -0.3147338183487079, -0.39472415617078815, 216.24507206926563, 12.418406363434197, 11.36559587294755
3.0, -18.0, 4.0, 2.0, 16.0, -1.0, -0.06263903822054016, -0.32302200958634814, -0.34794260943143696, 216.78238488837692, 12.793239395975208, 11.455062186637976
3.0, -9.0, 6.0, 3.0, 14.0, -1.0, -0.06182936669210158, -0.31133775111560696, -0.3343914669453619, 206.3617279359726, 12.763540515480486, 10.822092942248236
0.0, -14.0, 6.0, 1.0, 15.0, 2.0, -0.06298215216212974, -0.3422969246749763, -0.3613057884638322, 215.4316340726268, 12.697424923363794, 11.33491727844821
1.0, -10.0, 7.0, 1.0, 14.0, 1.0, -0.06346627945499499, -0.3454523339201851, -0.3773993876457924, 218.683577645049, 12.511598223598131, 11.55356974272428
1.0, -12.0, 6.0, 1.0, 13.0, 9.0, -0.0627804884347625, -0.3191036633773354, -0.34882573432026254, 209.25811507800984, 12.916891263071303, 11.023167404656737
4.0, -9.0, 5.0, 2.0, 12.0, 2.0, -0.06249898590115731, -0.3194675744578342, -0.33799974626370266, 214.57477409803482, 13.008190549003515, 11.273005821587006
3.0, -9.0, 7.0, 4.0, 13.0, 1.0, -0.06410906046522977, -0.3285005830748603, -0.4029833335863191, 223.64686791015617, 12.267092854983897, 11.730649313396732
2.0, -16.0, 6.0, 3.0, 14.0, -5.0, -0.06369625591005286, -0.3323252366533222, -0.3839430072945689, 221.12507171096235, 12.448301110889282, 11.63149936587688
3.0, -11.0, 7.0, 2.0, 13.0, 1.0, -0.06322312389757316, -0.3374821351292374, -0.3702970681093953, 216.3069739858293, 12.583364724192323, 11.370673891584785
-5.0, -18.0, 4.0, 2.0, 17.0, -4.0, -0.06168881827817678, -0.3381222490336102, -0.31238106033324076, 212.6366561532528, 13.188468657192345, 11.184463180567816
-2.0, -16.0, 5.0, 2.0, 15.0, -3.0, -0.06287815180926218, -0.34127055534531103, -0.36719739955887365, 215.88834243603017, 12.524058860765145, 11.402989743227577
1.0, -12.0, 5.0, 2.0, 13.0, 0.0, -0.06338052456678477, -0.3461307561092048, -0.3671451412037228, 222.16529158367206, 12.659710730535314, 11.710258582262238
2.0, -16.0, 6.0, 4.0, 16.0, -4.0, -0.06408100061832442, -0.3149625568894434, -0.4083663463632664, 213.61852930476374, 12.178148067054467, 11.215622984285126
2.0, -16.0, 6.0, 2.0, 15.0, -3.0, -0.06306949560293462, -0.33221477485822015, -0.37117786934886104, 222.43995936432995, 12.476784562943223, 11.706388534361391
-3.0, -12.0, 6.0, 4.0, 14.0, 4.0, -0.06298316981121413, -0.340409632534889, -0.3575705334205753, 222.18372889913502, 12.749869236175533, 11.739164199482074
-1.0, -14.0, 5.0, 3.0, 13.0, 4.0, -0.06302007210071442, -0.3419830505758897, -0.34922532509095366, 217.26641616173015, 12.924415883041645, 11.428187028901222
2.0, -9.0, 6.0, 2.0, 12.0, -4.0, -0.06267581094180921, -0.34238217694009054, -0.34306605072100155, 216.22213355866384, 12.895395170029575, 11.391593517296208
-1.0, -19.0, 6.0, 1.0, 14.0, -1.0, -0.06221835718836892, -0.32462770333993457, -0.3428266030753058, 209.7607269121237, 12.735518466554318, 11.012379848299442
3.0, -10.0, 8.0, 3.0, 13.0, 1.0, -0.0627599255624039, -0.32316618767310357, -0.35932004432107184, 213.36396814660552, 12.63452322340973, 11.248401507042328
-3.0, -10.0, 9.0, 4.0, 13.0, 7.0, -0.06365900132879898, -0.32782441547981017, -0.38193481246599553, 220.16308004039837, 12.616769517673257, 11.573958415218364
2.0, -14.0, 6.0, 2.0, 13.0, 1.0, -0.06470311238215193, -0.32801919381355804, -0.4282658767452713, 219.6437277903082, 12.009142041277798, 11.55571416993964
0.0, -12.0, 7.0, 3.0, 13.0, 6.0, -0.06326696504710343, -0.3189852079432125, -0.3686851361527985, 210.57189581174921, 12.641083041800538, 11.098060797426054
3.0, -12.0, 5.0, 3.0, 13.0, 2.0, -0.06293087837844237, -0.33259210404834955, -0.36353172368145525, 212.13544627310378, 12.566337809902459, 11.19508517290721
3.0, -4.0, 7.0, 4.0, 10.0, 3.0, -0.06280056992652211, -0.3551582319776493, -0.35795544009138636, 221.97852058768598, 12.626402929080292, 11.693265809326228
3.0, -9.0, 5.0, 2.0, 10.0, 2.0, -0.06417490364532692, -0.3323884377601702, -0.40216685205254604, 212.6591332302967, 12.293584325359737, 11.213432988048039
1.0, -8.0, 7.0, 2.0, 11.0, 3.0, -0.0629027406978963, -0.3243947180063625, -0.3548325419820774, 212.38744105650252, 12.795507687390167, 11.162319279663159
5.0, -9.0, 8.0, 2.0, 11.0, 5.0, -0.06243799245555528, -0.31935255101286986, -0.3480812784296318, 215.88917860975988, 12.735323299447703, 11.347933674779078
1.0, -13.0, 6.0, 2.0, 12.0, -7.0, -0.06450811809174899, -0.3542609554195534, -0.4058809948527504, 230.38266948551774, 12.311938676508918, 12.161145857821143
-1.0, -6.0, 6.0, 2.0, 10.0, -3.0, -0.06359924720189877, -0.3241913197678041, -0.38368938856490814, 212.90982989055524, 12.52565365337329, 11.180532659510265
2.0, -6.0, 7.0, 2.0, 12.0, 3.0, -0.06224503435079599, -0.3295221251521656, -0.33292815876662063, 213.93338339885815, 12.937255829002716, 11.188136869051394
2.0, -18.0, 5.0, 1.0, 13.0, 4.0, -0.06299345171640575, -0.34135420686645257, -0.3579714617409894, 216.67879411829958, 12.726342893432161, 11.459601655046129
4.0, -7.0, 7.0, 3.0, 11.0, 3.0, -0.06359934612311281, -0.3241913346438019, -0.38370122137687757, 212.9098276732247, 12.525633404546104, 11.180532124493729
2.0, -15.0, 7.0, 1.0, 12.0, 3.0, -0.06388718926101883, -0.3280603344097158, -0.38958802523534203, 213.2820227250977, 12.469238211856348, 11.269436652589436
4.0, -10.0, 5.0, 2.0, 10.0, 0.0, -0.06419012221084358, -0.3193427656385668, -0.4017491708403424, 215.8895059009459, 12.352765098821399, 11.347865184442082
-1.0, -8.0, 6.0, 2.0, 11.0, 11.0, -0.06230810720132209, -0.30072259364991766, -0.33580603708346685, 202.20842932430077, 13.05381184557197, 10.675506873456737
4.0, -9.0, 7.0, 2.0, 8.0, 7.0, -0.062274374900007416, -0.3341838434806986, -0.32999090108049456, 216.47301540779546, 13.018117109508886, 11.358679511675101
2.0, -8.0, 6.0, 2.0, 12.0, 4.0, -0.06279110164812197, -0.3375713721769732, -0.35128497935384356, 217.09956352988212, 12.788533266898424, 11.427531003647577
1.0, -8.0, 7.0, 2.0, 11.0, 11.0, -0.0628263580398188, -0.3383944718827898, -0.35240909841054247, 217.16309541798864, 12.777856892481434, 11.377571110736193
4.0, -7.0, 7.0, 2.0, 10.0, 8.0, -0.06252688310060908, -0.32766463453533945, -0.34669449076921505, 214.3226229086076, 12.779143495136413, 11.30576220499886
3.0, -13.0, 8.0, 4.0, 11.0, 3.0, -0.06328375689907245, -0.33346589202464266, -0.366628600033913, 219.3530702359124, 12.701021596491131, 11.488402606399267
5.0, -9.0, 7.0, 3.0, 10.0, 4.0, -0.06423511837606914, -0.3462892612074701, -0.4072354703919985, 228.00550273793993, 12.187230097899985, 11.97830806110661
4.0, -11.0, 8.0, 2.0, 10.0, 9.0, -0.06250591514295076, -0.31142111840564596, -0.3500313567059264, 207.15443525721642, 12.792905142733419, 10.878913064824527
7.0, -10.0, 6.0, 1.0, 10.0, 6.0, -0.06180675713160964, -0.3381710366042544, -0.31537218586181615, 219.78989587455942, 13.118454588202834, 11.527580989538224
7.0, -7.0, 5.0, 2.0, 10.0, 0.0, -0.062401025909785794, -0.32403143277260427, -0.3307675256141475, 207.0674772289044, 13.088236541354423, 10.912324401346304
2.0, -4.0, 8.0, 2.0, 8.0, 11.0, -0.0627098614322162, -0.34246074733977205, -0.3536751144806339, 221.27009952115904, 12.699239142203645, 11.602976478876336
1.0, -4.0, 6.0, 4.0, 8.0, 7.0, -0.06216132346102245, -0.3286926907257872, -0.3271766091904204, 213.8654887376506, 13.049995927863234, 11.237750860893957
0.0, -9.0, 6.0, 2.0, 11.0, 3.0, -0.06306173816785315, -0.31887051359674695, -0.3649122879034429, 211.88490131445707, 12.673941947062934, 11.172980123945939
2.0, -13.0, 7.0, 2.0, 12.0, -1.0, -0.0625848472213625, -0.32305442815786123, -0.34709656984649156, 214.6779712289622, 12.863728850105263, 11.32348419790413
2.0, -11.0, 4.0, 1.0, 12.0, 5.0, -0.06219398386686518, -0.3154037833840123, -0.3277428408690194, 210.46816371232947, 13.082381849431885, 11.047619742531111
6.0, -8.0, 8.0, 0.0, 10.0, 3.0, -0.06224079774677638, -0.3330768861809701, -0.32901183936785117, 216.139593318454, 13.028083230411013, 11.370184723349373
1.0, -6.0, 7.0, 2.0, 8.0, 8.0, -0.06211330278338423, -0.32869280294998793, -0.3225642539395685, 213.86502176999267, 13.151859499926625, 11.237747829970967
2.0, -10.0, 6.0, 3.0, 10.0, 3.0, -0.06287535467814387, -0.34103878554810135, -0.3535550584199129, 218.51300494443925, 12.76428958903005, 11.55273183003911
2.0, -11.0, 5.0, 0.0, 10.0, 4.0, -0.06333273130626015, -0.33184495651785023, -0.36893108874626, 217.1180918236839, 12.68380254955725, 11.45639786585129
2.0, -7.0, 6.0, 3.0, 10.0, 6.0, -0.06210938303979976, -0.2980474445215934, -0.33855437692398493, 202.96375288482034, 12.90967051838163, 10.63194841540852
1.0, -9.0, 5.0, 4.0, 8.0, 4.0, -0.06295287538725419, -0.3326466394706024, -0.357290474418984, 219.29143784887842, 12.700045824522617, 11.538334019054375
0.0, -5.0, 7.0, 2.0, 10.0, 11.0, -0.06270351177388525, -0.31571370306536894, -0.34960007765167445, 208.63253841217528, 12.852455292109333, 10.954305409596401
9.0, -2.0, 6.0, 2.0, 6.0, 0.0, -0.063885111109257, -0.33306523566045787, -0.394965084317068, 216.13973250141956, 12.35445471714843, 11.369975394636684
1.0, -5.0, 8.0, 3.0, 10.0, 8.0, -0.06281467102726801, -0.34186520846466684, -0.34545062890808365, 218.57749183810245, 12.957365854157235, 11.502934814690516
2.0, -10.0, 6.0, 2.0, 10.0, 1.0, -0.0628013420856228, -0.33575074891132356, -0.35216680946333234, 215.38606168823065, 12.783670124391364, 11.413753682656477
2.0, -9.0, 7.0, 4.0, 10.0, 0.0, -0.06321842264879138, -0.3283750682918113, -0.3751112450950988, 215.70385678660546, 12.511694640595815, 11.33104349628269
1.0, -8.0, 6.0, 4.0, 8.0, 7.0, -0.06370068772251226, -0.32754608590516404, -0.3922152689338956, 215.6389337474953, 12.323010220059224, 11.380817353573187
5.0, -15.0, 7.0, 3.0, 10.0, -1.0, -0.06312700405067054, -0.32396136086254157, -0.3564335634516626, 215.53411510318742, 12.863347221449406, 11.330338936091648
1.0, -9.0, 4.0, 1.0, 8.0, -4.0, -0.06376559913693236, -0.3283681052233943, -0.38488435980935126, 215.70113538284465, 12.508830898335448, 11.330829139281034
-2.0, -13.0, 9.0, 3.0, 11.0, 10.0, -0.06319535022977281, -0.33247786325778994, -0.3733760778456245, 213.45038428892693, 12.501658005040131, 11.270152184742113
6.0, -9.0, 8.0, 2.0, 8.0, 6.0, -0.06260192027282653, -0.32280443256834007, -0.34808249406959296, 208.0462200457423, 12.837062045240838, 10.998571475649426
2.0, -11.0, 6.0, 2.0, 10.0, 4.0, -0.06252196482801713, -0.32858357642008684, -0.3462548621749476, 215.18491766043346, 12.781574409225573, 11.312955124954893
1.0, -10.0, 5.0, 2.0, 8.0, 5.0, -0.06388581696249518, -0.336933675964947, -0.3871371307146204, 220.76892754230553, 12.477335324178506, 11.613756738493887
1.0, -9.0, 8.0, 3.0, 10.0, 9.0, -0.06293081134294445, -0.31978165845015954, -0.36369267532935073, 212.74182457759895, 12.683644990140685, 11.17987948984244
4.0, -10.0, 7.0, 2.0, 6.0, 11.0, -0.06301107213798303, -0.3364274827428109, -0.3501220192006619, 218.86753572522127, 12.943533715461204, 11.570431496712683
1.0, -9.0, 7.0, 1.0, 8.0, 7.0, -0.06299733563294319, -0.34932014712990306, -0.35594968167126084, 223.3107695032328, 12.731940158387777, 11.79719862466981
3.0, -7.0, 7.0, 2.0, 8.0, 11.0, -0.06291835327754702, -0.34194908098454707, -0.3577357777490426, 219.37026916374748, 12.664757129806043, 11.559625624928879
1.0, -6.0, 4.0, 2.0, 8.0, 0.0, -0.06241010631889895, -0.3417519362357905, -0.3427025933753146, 219.89165604497748, 12.774583548347792, 11.57786986072523
-2.0, -11.0, 2.0, 3.0, 11.0, -1.0, -0.06298705306577174, -0.32359657860201996, -0.358267827031408, 210.21585210956056, 12.76751482175369, 11.080348741549972
0.0, -11.0, 5.0, 2.0, 10.0, 5.0, -0.0618054129078466, -0.3380546790617924, -0.3085465258047784, 221.10203379585863, 13.238518775787693, 11.602473204148314
1.0, -9.0, 6.0, 2.0, 8.0, 7.0, -0.06227658446212018, -0.32388246602555104, -0.3353918606628873, 214.74319332406017, 12.943176603464178, 11.273702827678022
2.0, -13.0, 8.0, 3.0, 8.0, 9.0, -0.06337332576577331, -0.33602611638470087, -0.3693448313585783, 219.91166654990684, 12.674271484526049, 11.606884851223214
0.0, -7.0, 3.0, 2.0, 8.0, -5.0, -0.06417636330288108, -0.3410353216292309, -0.4066755771136717, 218.516803615742, 12.180743703361212, 11.552874621558594
5.0, -8.0, 6.0, 2.0, 8.0, 6.0, -0.0632334860067195, -0.3356647282327887, -0.37117568907077064, 214.59543149609206, 12.57846229755596, 11.357069142678275
0.0, -10.0, 5.0, 2.0, 10.0, 4.0, -0.0625083430644358, -0.3238024166253986, -0.34145903665941457, 209.69588437593052, 12.954578439259116, 11.062311744444015
-1.0, -13.0, 7.0, 2.0, 11.0, 6.0, -0.06228883782930859, -0.3330767672359924, -0.3336249761710874, 216.14006064734252, 12.926154942130506, 11.370187845861324
1.0, -7.0, 7.0, 4.0, 8.0, 7.0, -0.06312821254009204, -0.3059265784511226, -0.37749478804160735, 204.54798696264024, 12.54250664037577, 10.75797884759711
1.0, -10.0, 7.0, 2.0, 8.0, 13.0, -0.06356568847749372, -0.32734663454838664, -0.38155711459369535, 216.15948145694873, 12.539243949989475, 11.399039165811512
-1.0, -10.0, 10.0, 5.0, 11.0, 11.0, -0.06285136377990928, -0.3154008232720934, -0.3618548730171292, 210.46973081159817, 12.705580416635613, 11.04762014647451
8.0, -7.0, 6.0, 4.0, 8.0, 6.0, -0.0637502070192837, -0.33286561367493556, -0.3843066693762288, 216.6602002896305, 12.570624934273352, 11.388192846923703
7.0, -9.0, 7.0, 2.0, 8.0, 8.0, -0.06330628137885064, -0.3408395757963813, -0.36574759109853744, 219.0364340924224, 12.679151671006387, 11.571110055092882
3.0, -13.0, 5.0, 2.0, 8.0, 4.0, -0.0632200482292182, -0.3190981014198057, -0.3708888617317636, 209.25717737549374, 12.622943827811532, 11.022987061708886
4.0, -13.0, 6.0, 1.0, 10.0, 4.0, -0.06179621811428197, -0.3197033168615558, -0.3129187238941319, 211.94844445335661, 13.246695064405715, 11.123217234520446
