00095,6,08579,08178,08274,08140,08048,08255
00100,7,08581,08181,08274,08141,08049,08254
00105,8,08577,08175,08274,08142,08051,08256
00110,9,08574,08176,08276,08140,08050,08261
00115,0,08577,08174,08275,08140,08051,08255
00120,1,08580,08180,08275,08142,08052,08251
00125,2,08579,08178,08274,08142,08049,08248
00130,3,08576,08177,08275,08143,08050,08252
00135,4,08583,08180,08273,08140,08049,08252
00140,5,08581,08179,08274,08140,08050,08244
00145,6,08578,08176,08274,08142,08050,08243
00150,7,08583,08174,08276,08139,08050,08250
00155,8,08577,08179,08275,08141,08051,08248
00160,9,08579,08181,08273,08140,08048,08254
00165,0,08586,08176,08274,08140,08049,08258
00170,1,08577,08174,08273,08141,08050,08260
00175,2,08583,08176,08276,08141,08050,08258
00180,3,08580,08175,08272,08139,08050,08245
00185,4,08585,08173,08275,08141,08051,08247
00190,5,08582,08178,08272,08140,08050,08249
00195,6,08580,08184,08273,08141,08048,08253
00200,7,08580,08173,08274,08141,08051,08255
00205,8,08580,08174,08274,08141,08050,08252
00210,9,08583,08185,08273,08141,08048,08251
00215,0,08582,08180,08274,08141,08050,08247
00220,1,08577,08174,08272,08140,08051,08253
00225,2,08580,08180,08272,08141,08050,08253
00230,3,08579,08180,08274,08142,08050,08252
00235,4,08582,08175,08275,08139,08050,08247
00240,5,08580,08173,08272,08140,08051,08249
00245,6,08587,08178,08274,08141,08050,08255
00250,7,08584,08176,08273,08141,08050,08250
00255,8,08580,08180,08273,08141,08050,08257
00260,9,08575,08177,08273,08141,08050,08250
00265,0,08582,08175,08272,08141,08050,08256
00270,1,08576,08173,08272,08141,08052,08255
00280,4,08251,12824,12799,00517,20988,53751
00285,2,08255,16920,12799,08709,12796,53751
00290,3,08253,21016,16895,00517,08700,53751
00295,4,08255,25112,08703,00517,04604,53751
00300,1,08248,29208,00511,04613,00508,53751
00305,4,08252,33304,08703,00517,08700,53751
00310,4,08251,37400,12799,16901,08700,53751
00315,2,08250,00536,25086,61957,00508,57847
00320,2,08252,04631,61951,25093,08700,57847
00325,2,08251,08728,16894,61957,12796,49655
00330,4,08253,12824,08703,00517,00508,57847
00335,2,08250,16920,20991,00517,00508,53751
00340,2,08252,21016,04607,16901,04604,49655
00345,2,08252,25111,61951,25093,12796,53751
00350,3,08253,29208,04607,12805,08700,53751
00355,3,08250,33304,12798,57861,12796,53751
00360,2,08253,37400,29182,49669,08700,45559
00365,1,08254,00536,16895,00517,04604,45559
00370,1,08256,04632,08703,00517,00508,49655
00375,1,08248,08728,16894,53765,04604,53751
00380,3,08252,12824,20991,00517,08700,49655
00385,1,08254,16920,16894,61957,04604,49655
00390,4,08248,21016,20991,12805,08700,53751
00395,2,08251,25112,04607,04613,08700,49655
00400,3,08254,29208,20991,00517,00508,49655
00405,1,08254,33304,16894,53765,16892,57847
00410,4,08258,37400,29182,45572,61948,49655
00415,4,08248,00536,16895,08709,12796,53751
00420,3,08251,04632,12799,00517,08700,53751
00425,2,08254,08728,20991,12805,12796,49655
00430,2,08244,12823,53758,61957,08700,53751
00435,3,08258,16920,08703,08709,08700,49655
00440,2,08251,21016,12798,61957,04604,45559
00445,2,08254,25112,08703,12805,08700,53751
00450,2,08255,29208,29183,12805,08700,53751
00455,2,08254,33304,12799,00517,08700,53751
00460,4,08252,37400,12799,12805,04604,45559
00465,2,08250,00536,29183,00517,12796,49655
00470,1,08253,04632,08703,20997,12796,57847
00475,3,08244,08728,04607,20997,16892,53751
00480,2,08257,12824,20991,08709,12796,53751
00485,2,08258,16919,61951,16901,08700,61943
00490,3,08254,21016,16895,20997,16892,53751
00495,3,08254,25112,00511,12805,12796,53751
00500,2,08253,29207,57855,25093,00508,57847
00505,3,08248,33304,20991,12805,12796,53751
00510,2,08255,37400,29183,00517,16892,53751
00515,1,08253,00536,08703,20997,08700,49655
00520,1,08254,04632,20991,20997,12796,53751
00525,1,08251,08728,20991,00517,04604,49655
00530,2,08253,12824,00511,00517,12796,49655
00535,4,08256,16920,16894,53765,04604,49655
00540,1,08251,21016,20991,00517,04604,49655
00545,1,08257,25112,16895,12805,16892,49655
00550,4,08253,29208,04606,61957,12796,49655
00555,3,08255,33303,61950,57861,20988,53751
00560,3,08255,37400,12799,00517,08700,53751
00565,3,08248,00536,20990,61957,16892,53751
00570,2,08259,04632,08703,20997,16892,53751
00575,1,08254,08728,20991,00517,04604,41463
00580,3,08250,12824,29183,00517,08700,53751
00585,2,08251,16920,41471,08709,12796,49655
00590,2,08254,21016,20990,53765,16892,45559
00595,2,08255,25112,20991,16901,08700,53751
00600,2,08252,29208,29183,12805,08700,53751
00605,0,08254,33304,29183,08709,08700,53751
00610,1,08255,37400,16895,08709,08700,53751
00615,3,08254,00536,08703,00517,12796,49655
00620,1,08255,04632,37375,00517,12796,53751
00625,2,08248,08728,20990,57861,08700,45559
00630,2,08256,12824,37374,57861,08700,41463
00635,1,08254,16920,41471,00517,04604,49655
00640,1,08253,21016,16895,16901,08700,53751
00645,1,08262,25112,45567,12805,16892,49655
00650,2,08256,29207,57855,16901,12796,53751
00655,4,08255,33304,16895,04613,08700,45559
00660,2,08252,37400,08703,25093,12796,49655
00665,1,08257,00536,16895,25093,04604,49655
00670,0,08250,04632,37375,00517,00508,53751
00675,2,08254,08728,41471,08709,04604,41463
00680,1,08258,12824,25087,00517,00508,49655
00685,2,08252,16920,33279,16901,04604,57847
00690,0,08255,21016,00511,00517,16892,49655
00695,4,08249,25112,33279,25093,08700,45559
00700,2,08250,29208,29183,25093,08700,53751
00705,3,08251,33304,25086,57861,04604,45559
00710,2,08255,37400,16895,04613,04604,53751
00715,2,08244,00536,25087,08709,00508,53751
00720,1,08253,04632,29183,04613,12796,53751
00725,1,08252,08728,53759,04613,08700,53751
00730,1,08250,12824,41471,00517,08700,49655
00735,1,08255,16920,08703,25093,12796,53751
00740,1,08252,21016,04606,61957,08700,49655
00745,3,08254,25112,16895,00516,61948,49655
00750,2,08253,29208,00511,20997,16892,53751
00755,4,08260,33304,29182,57861,08700,53751
00760,2,08252,37400,45567,08709,16892,53751
00765,3,08253,00536,12799,08709,20988,57847
00770,1,08255,04632,29182,45573,08700,49655
00775,2,08256,08728,29183,08709,12796,53751
00780,1,08260,12824,29183,08709,16892,49655
00785,0,08251,16920,29182,61957,04604,45559
00790,2,08251,21016,29183,00517,08700,53751
00795,1,08254,25112,29183,20997,12796,53751
00800,1,08253,29208,29183,16901,16892,53751
00805,1,08262,33304,08702,61957,04604,53751
00810,4,08254,37400,16895,00517,04604,49655
00815,3,08254,00536,20991,00517,12796,49655
00820,2,08248,04632,25086,57861,08700,57847
00825,1,08255,08728,12799,16901,08700,53751
00830,2,08250,12824,25086,57861,12796,57847
00835,1,08251,16920,20990,45573,12796,45559
00840,4,08251,21016,29183,12805,04604,53751
00845,2,08250,25112,08703,08709,12796,49655
00850,2,08255,29208,20991,12805,08700,49655
00855,2,08256,33304,29182,57861,00508,53751
00860,1,08244,37400,08703,20997,12796,53751
00865,3,08256,00536,41471,00517,08700,49655
00870,1,08258,04632,12799,12805,16892,53751
00875,2,08262,08728,08703,00517,12796,53751
00880,1,08260,12824,12798,53765,08700,45559
00885,3,08245,16920,08703,12805,12796,53751
00890,4,08251,21015,61951,16901,08700,57847
00895,1,08260,25112,29183,00517,00508,49655
00900,1,08252,29208,08703,20997,08700,53751
00905,3,08252,33304,08702,61957,04604,53751
00910,4,08246,37400,12798,45573,08700,49655
00915,4,08253,00536,08703,00517,08700,53751
00920,3,08256,04632,20990,61957,12796,49655
00925,2,08256,08728,04607,20997,12796,53751
00930,2,08260,12824,04606,57861,04604,53751
00935,3,08248,16920,16895,00517,12796,53751
00940,2,08253,21016,12799,08709,12796,53751
00945,2,08256,25112,16894,53765,00508,53751
00950,3,08256,29208,16895,08709,04604,53751
00955,3,08250,33304,12798,61957,16892,53751
00960,2,08250,37400,12799,00517,16892,45559
00965,2,08257,00536,04607,25093,08700,53751
00970,3,08255,04632,04607,12805,04604,53751
00975,1,08257,08728,20991,20997,12796,53750
00980,1,08257,08728,20991,20997,12796,53750
00985,1,08253,16920,12799,00517,08700,53751
00990,2,08254,21016,16894,61957,12796,53751
00995,0,08257,25111,61951,04613,12796,53751
01000,1,08257,29208,29183,16901,12796,53751
01005,4,08248,33304,16895,00517,08700,53751
01015,7,08708,00002,00536,20990,61957,16892
01020,7,08708,00003,04632,08703,12805,08700
01025,7,08707,00008,08728,08703,12805,04604
01030,7,08707,00008,12824,29183,00517,08700
01035,7,12803,00012,16920,16895,00517,12796
01040,7,12803,00014,21016,00511,00517,12796
01045,7,16900,00000,25112,12799,00517,04604
01050,7,08708,00002,29208,00510,61957,12796
01055,7,08707,00013,33304,08702,41476,61948
01060,7,12803,00008,37400,20991,20997,04604
01065,7,00515,00008,00536,00511,16901,04604
01070,7,12803,00011,04632,08703,00517,08700
01075,7,04612,00000,08728,16894,49669,04604
01080,7,12803,00008,12824,29182,53765,12796
01085,7,12803,00011,16920,04606,57861,12796
01090,7,12803,00015,21015,61951,04613,08700
01095,7,12803,00013,25112,29183,08709,08700
01100,7,16899,00006,29208,08703,12805,16892
01105,7,08707,00013,33304,12798,57861,12796
01110,7,08707,00013,37400,29183,16901,16892
01115,7,04611,00013,00536,20991,20997,12796
01120,7,12803,00011,04632,29183,12805,08700
01125,7,00515,00014,08728,08702,61957,08700
01130,7,16899,00014,12823,61951,12805,12796
01135,7,12804,00000,16920,04607,08709,12796
01140,7,12804,00001,21016,16895,00517,12796
01145,7,12803,00014,25112,29183,00517,16892
01150,7,08708,00006,29208,41471,20997,16892
01155,7,04611,00014,33304,16895,16901,04604
01160,7,04612,00001,37400,29183,12805,16892
01165,7,08708,00002,00536,08702,57861,00508
01170,7,12804,00000,04632,16895,16901,12796
01175,7,08708,00000,08728,12799,08709,00508
01180,7,04611,00015,12824,16894,53765,04604
01185,7,12803,00010,16920,12799,12805,25084
01190,7,08708,00003,21016,20991,29189,00508
01195,7,08707,00008,25112,16894,61957,08700
01200,7,16900,00000,29208,20990,61957,08700
01205,7,08707,00012,33304,29183,12805,04604
01210,7,08708,00001,37400,12799,12805,08700
01215,7,08707,00014,00536,12799,08709,08700
01220,7,08707,00014,04632,16895,00517,12796
01225,7,04611,00015,08728,37375,08708,61948
01230,7,00515,00007,12824,08703,08709,12796
01235,7,16899,00014,16920,41471,16901,00508
01240,7,08707,00003,21016,29183,37381,04604
01245,7,00515,00011,25112,33278,57861,04604
01250,7,08707,00011,29208,16894,61957,04604
01255,7,12803,00010,33304,08703,08709,04604
01260,7,04611,00013,37400,16895,16901,08700
01265,7,08707,00014,00536,25086,61957,04604
01270,7,08707,00013,04632,45567,25093,00508
01275,7,08707,00013,08728,16895,00517,04604
01280,7,08707,00013,12824,25087,00517,12796
01285,7,08707,00012,16920,04606,61957,04604
01290,7,12803,00014,21016,16895,04612,61948
01295,7,04611,00011,25112,08702,57861,12796
01300,7,08708,00002,29208,08703,08709,12796
01305,7,12803,00009,33304,04606,53765,00508
01310,7,12803,00012,37400,16895,04613,00508
01315,7,04611,00007,00536,16894,57861,04604
01320,7,12803,00012,04632,12798,45573,00508
01325,7,16899,00009,08728,33278,61957,00508
01330,7,00515,00004,12824,29183,16901,04604
01335,7,08707,00014,16920,20990,61956,61948
01340,7,08707,00012,21016,41471,04613,00508
01345,6,61956,00000,25112,29182,57860,61948
01350,7,08707,00012,29208,12799,04613,00508
01355,7,04612,00000,33304,16895,16901,00508
01360,7,00515,00011,37400,20991,04613,08700
01365,7,12803,00013,00536,33278,49668,61948
01370,7,12803,00008,04632,20990,53765,00508
01375,7,12803,00014,08728,12798,57861,00508
01380,7,12804,00002,12824,29183,16901,00508
01385,7,08707,00011,16920,20991,00517,00508
01390,7,08707,00004,21016,37375,04613,00508
01395,7,04612,00001,25112,08703,00517,00508
01400,7,04611,00013,29208,33278,49668,61948
01405,7,12803,00008,33304,29183,08708,61948
01410,7,04612,00003,37400,20990,61957,04604
01415,7,04612,00000,00536,20991,16901,00508
01420,7,00515,00009,04632,20990,61957,00508
01425,7,12803,00009,08728,04607,04612,61948
01430,7,08707,00010,12824,20991,16900,61948
01435,7,04611,00015,16920,08703,16901,00508
01440,7,08707,00014,21016,33279,16901,04604
01445,7,04611,00014,25112,20990,45572,57852
01450,7,08707,00006,29208,29182,61957,00508
01455,7,08708,00002,33304,29183,08709,00508
01460,7,04612,00000,37400,45567,04613,00508
01465,7,08708,00000,00536,33279,00516,57852
01470,7,04611,00010,04632,41471,00516,61948
01475,7,08707,00013,08728,20990,53764,57852
01480,7,12803,00012,12824,12799,04612,61948
01485,7,12803,00010,16920,12799,25093,00508
01490,7,04611,00011,21016,12799,25093,12796
01495,7,04611,00013,25112,20990,61956,61948
01500,7,00516,00000,29208,20990,57861,00508
01505,7,08707,00014,33304,20991,04613,04604
01510,7,08707,00011,37400,12798,57861,00508
01515,7,12803,00010,00536,16895,04613,00508
01520,7,12803,00005,04632,25087,08709,04604
01525,7,04612,00001,08728,04607,04613,04604
01530,7,08708,00003,12824,16894,53765,00508
01535,7,12803,00009,16920,25087,04613,00508
01540,7,04612,00001,21016,04607,08709,00508
01545,7,12803,00010,25112,04607,08709,04604
01550,7,12803,00014,29208,08702,49668,61948
01555,7,16899,00013,33304,00511,04613,08700
01560,7,16900,00003,37400,29183,33285,08700
01565,7,04611,00012,00536,04607,04613,04604
01570,7,12804,00001,04632,25087,08709,04604
01575,7,04612,00001,08728,16895,00517,08700
01580,7,08707,00010,12824,41471,16901,08700
01585,7,04611,00015,16920,25086,57861,00508
01590,7,08707,00005,21016,29183,00517,00508
01595,7,08707,00013,25112,00511,20997,08700
01600,7,16899,00012,29208,29183,16901,08700
01605,7,04612,00003,33304,16895,16901,04604
01610,7,08708,00001,37400,08703,12805,12796
01615,7,08707,00013,00536,20991,00517,12796
01620,7,08708,00006,04632,37375,00517,12796
01625,7,04611,00011,08728,29183,00517,08700
01630,7,04611,00014,12824,29183,00517,08700
01635,7,04611,00014,16920,20991,08709,16892
01640,7,08708,00006,21016,37375,08708,61948
01645,7,00515,00012,25112,33279,29189,08700
01650,7,00516,00003,29208,29183,12805,08700
01655,7,08707,00014,33304,16894,53765,20988
01660,7,04612,00000,37400,08702,61957,04604
01665,7,08707,00014,00536,12799,12805,04604
01670,7,00515,00014,04632,00511,04613,08700
01675,7,04611,00014,08728,16895,08709,12796
01680,7,08707,00010,12824,29182,57861,16892
01685,7,04611,00010,16920,04607,04613,04604
01690,7,08708,00000,21016,20991,12805,08700
01695,7,08707,00011,25111,57854,61957,12796
01700,7,08708,00000,29208,25087,16901,04604
01705,7,08707,00014,33304,29183,00517,08700
01710,7,08708,00002,37400,12799,08709,12796
01715,7,12803,00013,00536,20991,08709,16892
01720,7,04611,00015,04632,20991,16901,08700
01725,7,08707,00012,08728,20991,16901,12796
01730,7,08708,00000,12824,08703,00517,08700
01735,7,12804,00000,16920,04607,20997,08700
01740,7,08707,00008,21016,20990,57861,00508
01750,7,08707,00008,21016,20990,57861,00508
01755,7,08707,00008,21016,20990,57861,00508
01760,7,08707,00008,21016,20990,57861,00508
01765,7,08707,00008,21016,20990,57861,00508
01770,7,08707,00008,21016,20990,57861,00508
01775,7,08707,00008,21016,20990,57861,00508
01780,7,08707,00008,21016,20990,57861,00508
01785,7,08707,00008,21016,20990,57861,00508
01790,7,08707,00008,21016,20990,57861,00508
01795,7,08707,00008,21016,20990,57861,00508
01800,7,08707,00008,21016,20990,57861,00508
01805,7,08707,00008,21016,20990,57861,00508
01810,7,08707,00008,21016,20990,57861,00508
01815,7,08707,00008,21016,20990,57861,00508
01820,7,08707,00008,21016,20990,57861,00508
01825,7,08707,00008,21016,20990,57861,00508
01830,7,08707,00008,21016,20990,57861,00508
01835,7,08707,00008,21016,20990,57861,00508
01840,7,08707,00008,21016,20990,57861,00508
01845,7,08707,00008,21016,20990,57861,00508
01850,7,08707,00008,21016,20990,57861,00508
01855,7,08707,00008,21016,20990,57861,00508
01860,7,08707,00008,21016,20990,57861,00508
01865,7,08707,00008,21016,20990,57861,00508
01870,7,08707,00008,21016,20990,57861,00508
01875,7,08707,00008,21016,20990,57861,00508
01880,7,08707,00008,21016,20990,57861,00508
01885,7,08707,00008,21016,20990,57861,00508
01890,7,08707,00008,21016,20990,57861,00508
01895,7,08707,00008,21016,20990,57861,00508
01900,7,08707,00008,21016,20990,57861,00508
01905,7,08707,00008,21016,20990,57861,00508
01910,7,08707,00008,21016,20990,57861,00508
01915,7,08707,00008,21016,20990,57861,00508
01920,7,08707,00008,21016,20990,57861,00508
01925,7,08707,00008,21016,20990,57861,00508
01930,7,08707,00008,21016,20990,57861,00508
01935,7,08707,00008,21016,20990,57861,00508
01940,7,08707,00008,21016,20990,57861,00508
01945,7,08707,00008,21016,20990,57861,00508
01950,7,08707,00008,21016,20990,57861,00508
01955,7,08707,00008,21016,20990,57861,00508
01960,7,08707,00008,21016,20990,57861,00508
01965,7,08707,00008,21016,20990,57861,00508
01970,7,08707,00008,21016,20990,57861,00508
01975,7,08707,00008,21016,20990,57861,00508
01980,7,08707,00008,21016,20990,57861,00508
01985,7,08707,00008,21016,20990,57861,00508
01990,7,08707,00008,21016,20990,57861,00508
01995,7,08707,00008,21016,20990,57861,00508
02000,7,08707,00008,21016,20990,57861,00508
02005,7,08707,00008,21016,20990,57861,00508
02010,7,08707,00008,21016,20990,57861,00508
02015,7,08707,00008,21016,20990,57861,00508
02020,7,08707,00008,21016,20990,57861,00508
02025,7,08707,00008,21016,20990,57861,00508
02030,7,08707,00008,21016,20990,57861,00508
02035,7,08707,00008,21016,20990,57861,00508
02040,7,08707,00008,21016,20990,57861,00508
02045,7,08707,00008,21016,20990,57861,00508
02050,7,08707,00008,21016,20990,57861,00508
02055,7,08707,00008,21016,20990,57861,00508
02060,7,08707,00008,21016,20990,57861,00508
02065,7,08707,00008,21016,20990,57861,00508
02070,7,08707,00008,21016,20990,57861,00508
02075,7,08707,00008,21016,20990,57861,00508
02080,7,08707,00008,21016,20990,57861,00508
02085,7,08707,00008,21016,20990,57861,00508
02090,7,08707,00008,21016,20990,57861,00508
02095,7,08707,00008,21016,20990,57861,00508
02100,7,08707,00008,21016,20990,57861,00508
02105,7,08707,00008,21016,20990,57861,00508
02110,7,08707,00008,21016,20990,57861,00508
02115,7,08707,00008,21016,20990,57861,00508
02120,7,08707,00008,21016,20990,57861,00508
02125,7,08707,00008,21016,20990,57861,00508
02130,7,08707,00008,21016,20990,57861,00508
02135,7,08707,00008,21016,20990,57861,00508
02140,7,08707,00008,21016,20990,57861,00508
02145,7,08707,00008,21016,20990,57861,00508
02150,7,08707,00008,21016,20990,57861,00508
02155,7,08707,00008,21016,20990,57861,00508
02160,7,08707,00008,21016,20990,57861,00508
02165,7,08707,00008,21016,20990,57861,00508
02170,7,08707,00008,21016,20990,57861,00508
02175,7,08707,00008,21016,20990,57861,00508
02180,7,08707,00008,21016,20990,57861,00508
02185,7,08707,00008,21016,20990,57861,00508
02190,7,08707,00008,21016,20990,57861,00508
02195,7,08707,00008,21016,20990,57861,00508
02200,7,08707,00008,21016,20990,57861,00508
02205,7,08707,00008,21016,20990,57861,00508
02210,7,08707,00008,21016,20990,57861,00508
02215,7,08707,00008,21016,20990,57861,00508
02220,7,08707,00008,21016,20990,57861,00508
02225,7,08707,00008,21016,20990,57861,00508
02230,7,08707,00008,21016,20990,57861,00508
02235,7,08707,00008,21016,20990,57861,00508
02240,7,08707,00008,21016,20990,57861,00508
02245,7,08707,00008,21016,20990,57861,00508
02250,7,08707,00008,21016,20990,57861,00508
02255,7,08707,00008,21016,20990,57861,00508
02260,7,08707,00008,21016,20990,57861,00508
02265,7,08707,00008,21016,20990,57861,00508
02270,7,08707,00008,21016,20990,57861,00508
02275,7,08707,00008,21016,20990,57861,00508
02280,7,08707,00008,21016,20990,57861,00508
02285,7,08707,00008,21016,20990,57861,00508
02290,7,08707,00008,21016,20990,57861,00508
02295,7,08707,00008,21016,20990,57861,00508
02300,7,08707,00008,21016,20990,57861,00508
02305,7,08707,00008,21016,20990,57861,00508
02310,7,08707,00008,21016,20990,57861,00508
02315,7,08707,00008,21016,20990,57861,00508
02320,7,08707,00008,21016,20990,57861,00508
02325,7,08707,00008,21016,20990,57861,00508
02330,7,08707,00008,21016,20990,57861,00508
02335,7,08707,00008,21016,20990,57861,00508
02340,7,08707,00008,21016,20990,57861,00508
02345,7,08707,00008,21016,20990,57861,00508
02350,7,08707,00008,21016,20990,57861,00508
02355,7,08707,00008,21016,20990,57861,00508
02360,7,08707,00008,21016,20990,57861,00508
02365,7,08707,00008,21016,20990,57861,00508
02370,7,08707,00008,21016,20990,57861,00508
02375,7,08707,00008,21016,20990,57861,00508
02380,7,08707,00008,21016,20990,57861,00508
02385,7,08707,00008,21016,20990,57861,00508
02390,7,08707,00008,21016,20990,57861,00508
02395,7,08707,00008,21016,20990,57861,00508
02400,7,08707,00008,21016,20990,57861,00508
02405,7,08707,00008,21016,20990,57861,00508
02410,7,08707,00008,21016,20990,57861,00508
02415,7,08707,00008,21016,20990,57861,00508
02420,7,08707,00008,21016,20990,57861,00508
02425,7,08707,00008,21016,20990,57861,00508
02430,7,08707,00008,21016,20990,57861,00508
02435,7,08707,00008,21016,20990,57861,00508
02440,7,08707,00008,21016,20990,57861,00508
02445,7,08707,00008,21016,20990,57861,00508
02450,7,08707,00008,21016,20990,57861,00508
02455,7,08707,00008,21016,20990,57861,00508
02460,7,08707,00008,21016,20990,57861,00508
02465,7,08707,00008,21016,20990,57861,00508
02470,7,08707,00008,21016,20990,57861,00508
02475,7,08707,00008,21016,20990,57861,00508
02480,7,08707,00008,21016,20990,57861,00508
02485,7,08707,00008,21016,20990,57861,00508
02490,7,08707,00008,21016,20990,57861,00508
02495,7,08707,00008,21016,20990,57861,00508
02500,7,08707,00008,21016,20990,57861,00508
02505,7,08707,00008,21016,20990,57861,00508
02510,7,08707,00008,21016,20990,57861,00508
02515,7,08707,00008,21016,20990,57861,00508
02520,7,08707,00008,21016,20990,57861,00508
02525,7,08707,00008,21016,20990,57861,00508
02530,7,08707,00008,21016,20990,57861,00508
02535,7,08707,00008,21016,20990,57861,00508
02540,7,08707,00008,21016,20990,57861,00508
02545,7,08707,00008,21016,20990,57861,00508
02550,7,08707,00008,21016,20990,57861,00508
02555,7,08707,00008,21016,20990,57861,00508
02560,7,08707,00008,21016,20990,57861,00508
02565,7,08707,00008,21016,20990,57861,00508
02570,7,08707,00008,21016,20990,57861,00508
02575,7,08707,00008,21016,20990,57861,00508
02580,7,08707,00008,21016,20990,57861,00508
02585,7,08707,00008,21016,20990,57861,00508
02590,7,08707,00008,21016,20990,57861,00508
02595,7,08707,00008,21016,20990,57861,00508
02600,7,08707,00008,21016,20990,57861,00508
02605,7,08707,00008,21016,20990,57861,00508
02610,7,08707,00008,21016,20990,57861,00508
02615,7,08707,00008,21016,20990,57861,00508
02620,7,08707,00008,21016,20990,57861,00508
02625,7,08707,00008,21016,20990,57861,00508
02630,7,08707,00008,21016,20990,57861,00508
02635,7,08707,00008,21016,20990,57861,00508
02640,7,08707,00008,21016,20990,57861,00508
02645,7,08707,00008,21016,20990,57861,00508
02650,7,08707,00008,21016,20990,57861,00508
02655,7,08707,00008,21016,20990,57861,00508
02660,7,08707,00008,21016,20990,57861,00508
02665,7,08707,00008,21016,20990,57861,00508
02670,7,08707,00008,21016,20990,57861,00508
02675,7,08707,00008,21016,20990,57861,00508
02680,7,08707,00008,21016,20990,57861,00508
02685,7,08707,00008,21016,20990,57861,00508
02690,7,08707,00008,21016,20990,57861,00508
02695,7,08707,00008,21016,20990,57861,00508
02700,7,08707,00008,21016,20990,57861,00508
02705,7,08707,00008,21016,20990,57861,00508
02710,7,08707,00008,21016,20990,57861,00508
02715,7,08707,00008,21016,20990,57861,00508
02720,7,08707,00008,21016,20990,57861,00508
02725,7,08707,00008,21016,20990,57861,00508
02730,7,08707,00008,21016,20990,57861,00508
02735,7,08707,00008,21016,20990,57861,00508
02740,7,08707,00008,21016,20990,57861,00508
02745,7,08707,00008,21016,20990,57861,00508
02750,7,08707,00008,21016,20990,57861,00508
02755,7,08707,00008,21016,20990,57861,00508
02760,7,08707,00008,21016,20990,57861,00508
02765,7,08707,00008,21016,20990,57861,00508
02770,7,08707,00008,21016,20990,57861,00508
02775,7,08707,00008,21016,20990,57861,00508
02780,7,08707,00008,21016,20990,57861,00508
02785,7,08707,00008,21016,20990,57861,00508
02790,7,08707,00008,21016,20990,57861,00508
02795,7,08707,00008,21016,20990,57861,00508
02800,7,08707,00008,21016,20990,57861,00508
02805,7,08707,00008,21016,20990,57861,00508
02810,7,08707,00008,21016,20990,57861,00508
02815,7,08707,00008,21016,20990,57861,00508
02820,7,08707,00008,21016,20990,57861,00508
02825,7,08707,00008,21016,20990,57861,00508
02830,7,08707,00008,21016,20990,57861,00508
02835,7,08707,00008,21016,20990,57861,00508
02840,7,08707,00008,21016,20990,57861,00508
02845,7,08707,00008,21016,20990,57861,00508
02850,7,08707,00008,21016,20990,57861,00508
02855,7,08707,00008,21016,20990,57861,00508
02860,7,08707,00008,21016,20990,57861,00508
02865,7,08707,00008,21016,20990,57861,00508
02870,7,08707,00008,21016,20990,57861,00508
02875,7,08707,00008,21016,20990,57861,00508
02880,7,08707,00008,21016,20990,57861,00508
02885,7,08707,00008,21016,20990,57861,00508
02890,7,08707,00008,21016,20990,57861,00508
02895,7,08707,00008,21016,20990,57861,00508
02900,7,08707,00008,21016,20990,57861,00508
02905,7,08707,00008,21016,20990,57861,00508
02910,7,08707,00008,21016,20990,57861,00508
02915,7,08707,00008,21016,20990,57861,00508
02920,7,08707,00008,21016,20990,57861,00508
02925,7,08707,00008,21016,20990,57861,00508
02930,7,08707,00008,21016,20990,57861,00508
02935,7,08707,00008,21016,20990,57861,00508
02940,7,08707,00008,21016,20990,57861,00508
02945,7,08707,00008,21016,20990,57861,00508
02950,7,08707,00008,21016,20990,57861,00508
02955,7,08707,00008,21016,20990,57861,00508
02960,7,08707,00008,21016,20990,57861,00508
02965,7,08707,00008,21016,20990,57861,00508
02970,7,08707,00008,21016,20990,57861,00508
02975,7,08707,00008,21016,20990,57861,00508
02980,7,08707,00008,21016,20990,57861,00508
02985,7,08707,00008,21016,20990,57861,00508
02990,7,08707,00008,21016,20990,57861,00508
02995,7,08707,00008,21016,20990,57861,00508
03000,7,08707,00008,21016,20990,57861,00508
03005,7,08707,00008,21016,20990,57861,00508
03010,7,08707,00008,21016,20990,57861,00508
03015,7,08707,00008,21016,20990,57861,00508
03020,7,08707,00008,21016,20990,57861,00508
03025,7,08707,00008,21016,20990,57861,00508
03030,7,08707,00008,21016,20990,57861,00508
03035,7,08707,00008,21016,20990,57861,00508
03040,7,08707,00008,21016,20990,57861,00508
03045,7,08707,00008,21016,20990,57861,00508
03050,7,08707,00008,21016,20990,57861,00508
03055,7,08707,00008,21016,20990,57861,00508
03060,7,08707,00008,21016,20990,57861,00508
03065,7,08707,00008,21016,20990,57861,00508
03070,7,08707,00008,21016,20990,57861,00508
03075,7,08707,00008,21016,20990,57861,00508
03080,7,08707,00008,21016,20990,57861,00508
03085,7,08707,00008,21016,20990,57861,00508
03090,7,08707,00008,21016,20990,57861,00508
03095,7,08707,00008,21016,20990,57861,00508
03100,7,08707,00008,21016,20990,57861,00508
03105,7,08707,00008,21016,20990,57861,00508
03110,7,08707,00008,21016,20990,57861,00508
03115,7,08707,00008,21016,20990,57861,00508
03120,7,08707,00008,21016,20990,57861,00508
03125,7,08707,00008,21016,20990,57861,00508
03130,7,08707,00008,21016,20990,57861,00508
03135,7,08707,00008,21016,20990,57861,00508
03140,7,08707,00008,21016,20990,57861,00508
03145,7,08707,00008,21016,20990,57861,00508
03150,7,08707,00008,21016,20990,57861,00508
03155,7,08707,00008,21016,20990,57861,00508
03160,7,08707,00008,21016,20990,57861,00508
03165,7,08707,00008,21016,20990,57861,00508
03170,7,08707,00008,21016,20990,57861,00508
03175,7,08707,00008,21016,20990,57861,00508
03180,7,08707,00008,21016,20990,57861,00508
03185,7,08707,00008,21016,20990,57861,00508
03190,7,08707,00008,21016,20990,57861,00508
03195,7,08707,00008,21016,20990,57861,00508
03200,7,08707,00008,21016,20990,57861,00508
03205,7,08707,00008,21016,20990,57861,00508
03210,7,08707,00008,21016,20990,57861,00508
03215,7,08707,00008,21016,20990,57861,00508
03220,7,08707,00008,21016,20990,57861,00508
03225,7,08707,00008,21016,20990,57861,00508
03230,7,08707,00008,21016,20990,57861,00508
03235,7,08707,00008,21016,20990,57861,00508
03240,7,08707,00008,21016,20990,57861,00508
03245,7,08707,00008,21016,20990,57861,00508
03250,7,08707,00008,21016,20990,57861,00508
03255,7,08707,00008,21016,20990,57861,00508
03260,7,08707,00008,21016,20990,57861,00508
03265,7,08707,00008,21016,20990,57861,00508
03270,7,08707,00008,21016,20990,57861,00508
03275,7,08707,00008,21016,20990,57861,00508
03280,7,08707,00008,21016,20990,57861,00508
03285,7,08707,00008,21016,20990,57861,00508
03290,7,08707,00008,21016,20990,57861,00508
03295,7,08707,00008,21016,20990,57861,00508
03300,7,08707,00008,21016,20990,57861,00508
03305,7,08707,00008,21016,20990,57861,00508
03310,7,08707,00008,21016,20990,57861,00508
03315,7,08707,00008,21016,20990,57861,00508
03320,7,08707,00008,21016,20990,57861,00508
03325,7,08707,00008,21016,20990,57861,00508
03330,7,08707,00008,21016,20990,57861,00508
03335,7,08707,00008,21016,20990,57861,00508
03340,7,08707,00008,21016,20990,57861,00508
03345,7,08707,00008,21016,20990,57861,00508
03350,7,08707,00008,21016,20990,57861,00508
03355,7,08707,00008,21016,20990,57861,00508
03360,7,08707,00008,21016,20990,57861,00508
03365,7,08707,00008,21016,20990,57861,00508
03370,7,08707,00008,21016,20990,57861,00508
03375,7,08707,00008,21016,20990,57861,00508
03380,7,08707,00008,21016,20990,57861,00508
03385,7,08707,00008,21016,20990,57861,00508
03390,7,08707,00008,21016,20990,57861,00508
03395,7,08707,00008,21016,20990,57861,00508
03400,7,08707,00008,21016,20990,57861,00508
03405,7,08707,00008,21016,20990,57861,00508
03410,7,08707,00008,21016,20990,57861,00508
03415,7,08707,00008,21016,20990,57861,00508
03420,7,08707,00008,21016,20990,57861,00508
03425,7,08707,00008,21016,20990,57861,00508
03430,7,08707,00008,21016,20990,57861,00508
03435,7,08707,00008,21016,20990,57861,00508
03440,7,08707,00008,21016,20990,57861,00508
03445,7,08707,00008,21016,20990,57861,00508
03450,7,08707,00008,21016,20990,57861,00508
03455,7,08707,00008,21016,20990,57861,00508
03460,7,08707,00008,21016,20990,57861,00508
03465,7,08707,00008,21016,20990,57861,00508
03470,7,08707,00008,21016,20990,57861,00508
03475,7,08707,00008,21016,20990,57861,00508
03480,7,08707,00008,21016,20990,57861,00508
03485,7,08707,00008,21016,20990,57861,00508
03490,7,08707,00008,21016,20990,57861,00508
03495,7,08707,00008,21016,20990,57861,00508
03500,7,08707,00008,21016,20990,57861,00508
03505,7,08707,00008,21016,20990,57861,00508
03510,7,08707,00008,21016,20990,57861,00508
03515,7,08707,00008,21016,20990,57861,00508
03520,7,08707,00008,21016,20990,57861,00508
03525,7,08707,00008,21016,20990,57861,00508
03530,7,08707,00008,21016,20990,57861,00508
03535,7,08707,00008,21016,20990,57861,00508
03540,7,08707,00008,21016,20990,57861,00508
03545,7,08707,00008,21016,20990,57861,00508
03550,7,08707,00008,21016,20990,57861,00508
03555,7,08707,00008,21016,20990,57861,00508
03560,7,08707,00008,21016,20990,57861,00508
03565,7,08707,00008,21016,20990,57861,00508
03570,7,08707,00008,21016,20990,57861,00508
03575,7,08707,00008,21016,20990,57861,00508
03580,7,08707,00008,21016,20990,57861,00508
03585,7,08707,00008,21016,20990,57861,00508
03590,7,08707,00008,21016,20990,57861,00508
03595,7,08707,00008,21016,20990,57861,00508
03600,7,08707,00008,21016,20990,57861,00508
03605,7,08707,00008,21016,20990,57861,00508
03610,7,08707,00008,21016,20990,57861,00508
03615,7,08707,00008,21016,20990,57861,00508
03620,7,08707,00008,21016,20990,57861,00508
03625,7,08707,00008,21016,20990,57861,00508
03630,7,08707,00008,21016,20990,57861,00508
03635,7,08707,00008,21016,20990,57861,00508
03640,7,08707,00008,21016,20990,57861,00508
03645,7,08707,00008,21016,20990,57861,00508
03650,7,08707,00008,21016,20990,57861,00508
03655,7,08707,00008,21016,20990,57861,00508
03660,7,08707,00008,21016,20990,57861,00508
03665,7,08707,00008,21016,20990,57861,00508
03670,7,08707,00008,21016,20990,57861,00508
03675,7,08707,00008,21016,20990,57861,00508
03680,7,08707,00008,21016,20990,57861,00508
03685,7,08707,00008,21016,20990,57861,00508
03690,7,08707,00008,21016,20990,57861,00508
03695,7,08707,00008,21016,20990,57861,00508
03700,7,08707,00008,21016,20990,57861,00508
03705,7,08707,00008,21016,20990,57861,00508
03710,7,08707,00008,21016,20990,57861,00508
03715,7,08707,00008,21016,20990,57861,00508
03720,7,08707,00008,21016,20990,57861,00508
03725,7,08707,00008,21016,20990,57861,00508
03730,7,08707,00008,21016,20990,57861,00508
03735,7,08707,00008,21016,20990,57861,00508
03740,7,08707,00008,21016,20990,57861,00508
03745,7,08707,00008,21016,20990,57861,00508
03750,7,08707,00008,21016,20990,57861,00508
03755,7,08707,00008,21016,20990,57861,00508
03760,7,08707,00008,21016,20990,57861,00508
03765,7,08707,00008,21016,20990,57861,00508
03770,7,08707,00008,21016,20990,57861,00508
03775,7,08707,00008,21016,20990,57861,00508
03780,7,08707,00008,21016,20990,57861,00508
03785,7,08707,00008,21016,20990,57861,00508
03790,7,08707,00008,21016,20990,57861,00508
03795,7,08707,00008,21016,20990,57861,00508
03800,7,08707,00008,21016,20990,57861,00508
03805,7,08707,00008,21016,20990,57861,00508
03810,7,08707,00008,21016,20990,57861,00508
03815,7,08707,00008,21016,20990,57861,00508
03820,7,08707,00008,21016,20990,57861,00508
03825,7,08707,00008,21016,20990,57861,00508
03830,7,08707,00008,21016,20990,57861,00508
03835,7,08707,00008,21016,20990,57861,00508
03840,7,08707,00008,21016,20990,57861,00508
03845,7,08707,00008,21016,20990,57861,00508
03850,7,08707,00008,21016,20990,57861,00508
03855,7,08707,00008,21016,20990,57861,00508
03860,7,08707,00008,21016,20990,57861,00508
03865,7,08707,00008,21016,20990,57861,00508
03870,7,08707,00008,21016,20990,57861,00508
03875,7,08707,00008,21016,20990,57861,00508
03880,7,08707,00008,21016,20990,57861,00508
03885,7,08707,00008,21016,20990,57861,00508
03890,7,08707,00008,21016,20990,57861,00508
03895,7,08707,00008,21016,20990,57861,00508
03900,7,08707,00008,21016,20990,57861,00508
03905,7,08707,00008,21016,20990,57861,00508
03910,7,08707,00008,21016,20990,57861,00508
03915,7,08707,00008,21016,20990,57861,00508
03920,7,08707,00008,21016,20990,57861,00508
03925,7,08707,00008,21016,20990,57861,00508
03930,7,08707,00008,21016,20990,57861,00508
03935,7,08707,00008,21016,20990,57861,00508
03940,7,08707,00008,21016,20990,57861,00508
03945,7,08707,00008,21016,20990,57861,00508
03950,7,08707,00008,21016,20990,57861,00508
03955,7,08707,00008,21016,20990,57861,00508
03960,7,08707,00008,21016,20990,57861,00508
03965,7,08707,00008,21016,20990,57861,00508
03970,7,08707,00008,21016,20990,57861,00508
03975,7,08707,00008,21016,20990,57861,00508
03980,7,08707,00008,21016,20990,57861,00508
03985,7,08707,00008,21016,20990,57861,00508
03990,7,08707,00008,21016,20990,57861,00508
03995,7,08707,00008,21016,20990,57861,00508
04000,7,08707,00008,21016,20990,57861,00508
04005,7,08707,00008,21016,20990,57861,00508
04010,7,08707,00008,21016,20990,57861,00508
04015,7,08707,00008,21016,20990,57861,00508
04020,7,08707,00008,21016,20990,57861,00508
04025,7,08707,00008,21016,20990,57861,00508
04030,7,08707,00008,21016,20990,57861,00508
04035,7,08707,00008,21016,20990,57861,00508
04040,7,08707,00008,21016,20990,57861,00508
04045,7,08707,00008,21016,20990,57861,00508
04050,7,08707,00008,21016,20990,57861,00508
04055,7,08707,00008,21016,20990,57861,00508
04060,7,08707,00008,21016,20990,57861,00508
04065,7,08707,00008,21016,20990,57861,00508
04070,7,08707,00008,21016,20990,57861,00508
04075,7,08707,00008,21016,20990,57861,00508
04080,7,08707,00008,21016,20990,57861,00508
04085,7,08707,00008,21016,20990,57861,00508
04090,7,08707,00008,21016,20990,57861,00508
04095,7,08707,00008,21016,20990,57861,00508
04100,7,08707,00008,21016,20990,57861,00508
04105,7,08707,00008,21016,20990,57861,00508
04110,7,08707,00008,21016,20990,57861,00508
04115,7,08707,00008,21016,20990,57861,00508
04120,7,08707,00008,21016,20990,57861,00508
04125,7,08707,00008,21016,20990,57861,00508
04130,7,08707,00008,21016,20990,57861,00508
04135,7,08707,00008,21016,20990,57861,00508
04140,7,08707,00008,21016,20990,57861,00508
04145,7,08707,00008,21016,20990,57861,00508
04150,7,08707,00008,21016,20990,57861,00508
04155,7,08707,00008,21016,20990,57861,00508
04160,7,08707,00008,21016,20990,57861,00508
04165,7,08707,00008,21016,20990,57861,00508
04170,7,08707,00008,21016,20990,57861,00508
04175,7,08707,00008,21016,20990,57861,00508
04180,7,08707,00008,21016,20990,57861,00508
04185,7,08707,00008,21016,20990,57861,00508
04190,7,08707,00008,21016,20990,57861,00508
04195,7,08707,00008,21016,20990,57861,00508
04200,7,08707,00008,21016,20990,57861,00508
04205,7,08707,00008,21016,20990,57861,00508
04210,7,08707,00008,21016,20990,57861,00508
04215,7,08707,00008,21016,20990,57861,00508
04220,7,08707,00008,21016,20990,57861,00508
04225,7,08707,00008,21016,20990,57861,00508
04230,7,08707,00008,21016,20990,57861,00508
04235,7,08707,00008,21016,20990,57861,00508
04240,7,08707,00008,21016,20990,57861,00508
04245,7,08707,00008,21016,20990,57861,00508
04250,7,08707,00008,21016,20990,57861,00508
04255,7,08707,00008,21016,20990,57861,00508
04260,7,08707,00008,21016,20990,57861,00508
04265,7,08707,00008,21016,20990,57861,00508
04270,7,08707,00008,21016,20990,57861,00508
04275,7,08707,00008,21016,20990,57861,00508
04280,7,08707,00008,21016,20990,57861,00508
04285,7,08707,00008,21016,20990,57861,00508
04290,7,08707,00008,21016,20990,57861,00508
04295,7,08707,00008,21016,20990,57861,00508
04300,7,08707,00008,21016,20990,57861,00508
04305,7,08707,00008,21016,20990,57861,00508
04310,7,08707,00008,21016,20990,57861,00508
04315,7,08707,00008,21016,20990,57861,00508
04320,7,08707,00008,21016,20990,57861,00508
04325,7,08707,00008,21016,20990,57861,00508
04330,7,08707,00008,21016,20990,57861,00508
04335,7,08707,00008,21016,20990,57861,00508
04340,7,08707,00008,21016,20990,57861,00508
04345,7,08707,00008,21016,20990,57861,00508
04350,7,08707,00008,21016,20990,57861,00508
04355,7,08707,00008,21016,20990,57861,00508
04360,7,08707,00008,21016,20990,57861,00508
04365,7,08707,00008,21016,20990,57861,00508
04370,7,08707,00008,21016,20990,57861,00508
04375,7,08707,00008,21016,20990,57861,00508
04380,7,08707,00008,21016,20990,57861,00508
04385,7,08707,00008,21016,20990,57861,00508
04390,7,08707,00008,21016,20990,57861,00508
04395,7,08707,00008,21016,20990,57861,00508
04400,7,08707,00008,21016,20990,57861,00508
04405,7,08707,00008,21016,20990,57861,00508
04410,7,08707,00008,21016,20990,57861,00508
04415,7,08707,00008,21016,20990,57861,00508
04420,7,08707,00008,21016,20990,57861,00508
04425,7,08707,00008,21016,20990,57861,00508
04430,7,08707,00008,21016,20990,57861,00508
04435,7,08707,00008,21016,20990,57861,00508
04440,7,08707,00008,21016,20990,57861,00508
04445,7,08707,00008,21016,20990,57861,00508
04450,7,08707,00008,21016,20990,57861,00508
04455,7,08707,00008,21016,20990,57861,00508
04460,7,08707,00008,21016,20990,57861,00508
04465,7,08707,00008,21016,20990,57861,00508
04470,7,08707,00008,21016,20990,57861,00508
04475,7,08707,00008,21016,20990,57861,00508
04480,7,08707,00008,21016,20990,57861,00508
04485,7,08707,00008,21016,20990,57861,00508
04490,7,08707,00008,21016,20990,57861,00508
04495,7,08707,00008,21016,20990,57861,00508
04500,7,08707,00008,21016,20990,57861,00508
04505,7,08707,00008,21016,20990,57861,00508
04510,7,08707,00008,21016,20990,57861,00508
04515,7,08707,00008,21016,20990,57861,00508
04520,7,08707,00008,21016,20990,57861,00508
04525,7,08707,00008,21016,20990,57861,00508
04530,7,08707,00008,21016,20990,57861,00508
04535,7,08707,00008,21016,20990,57861,00508
04540,7,08707,00008,21016,20990,57861,00508
04545,7,08707,00008,21016,20990,57861,00508
04550,7,08707,00008,21016,20990,57861,00508
04555,7,08707,00008,21016,20990,57861,00508
04560,7,08707,00008,21016,20990,57861,00508
04565,7,08707,00008,21016,20990,57861,00508
04570,7,08707,00008,21016,20990,57861,00508
04575,7,08707,00008,21016,20990,57861,00508
04580,7,08707,00008,21016,20990,57861,00508
04585,7,08707,00008,21016,20990,57861,00508
04590,7,08707,00008,21016,20990,57861,00508
04595,7,08707,00008,21016,20990,57861,00508
04600,7,08707,00008,21016,20990,57861,00508
04605,7,08707,00008,21016,20990,57861,00508
04610,7,08707,00008,21016,20990,57861,00508
04615,7,08707,00008,21016,20990,57861,00508
04620,7,08707,00008,21016,20990,57861,00508
04625,7,08707,00008,21016,20990,57861,00508
04630,7,08707,00008,21016,20990,57861,00508
04635,7,08707,00008,21016,20990,57861,00508
04640,7,08707,00008,21016,20990,57861,00508
04645,7,08707,00008,21016,20990,57861,00508
04650,7,08707,00008,21016,20990,57861,00508
04655,7,08707,00008,21016,20990,57861,00508
04660,7,08707,00008,21016,20990,57861,00508
04665,7,08707,00008,21016,20990,57861,00508
04670,7,08707,00008,21016,20990,57861,00508
04675,7,08707,00008,21016,20990,57861,00508
04680,7,08707,00008,21016,20990,57861,00508
04685,7,08707,00008,21016,20990,57861,00508
04690,7,08707,00008,21016,20990,57861,00508
04695,7,08707,00008,21016,20990,57861,00508
04700,7,08707,00008,21016,20990,57861,00508
04705,7,08707,00008,21016,20990,57861,00508
04710,7,08707,00008,21016,20990,57861,00508
04715,7,08707,00008,21016,20990,57861,00508
04720,7,08707,00008,21016,20990,57861,00508
04725,7,08707,00008,21016,20990,57861,00508
04730,7,08707,00008,21016,20990,57861,00508
04735,7,08707,00008,21016,20990,57861,00508
04740,7,08707,00008,21016,20990,57861,00508
04745,7,08707,00008,21016,20990,57861,00508
04750,7,08707,00008,21016,20990,57861,00508
04755,7,08707,00008,21016,20990,57861,00508
04760,7,08707,00008,21016,20990,57861,00508
04765,7,08707,00008,21016,20990,57861,00508
04770,7,08707,00008,21016,20990,57861,00508
04775,7,08707,00008,21016,20990,57861,00508
04780,7,08707,00008,21016,20990,57861,00508
04785,7,08707,00008,21016,20990,57861,00508
04790,7,08707,00008,21016,20990,57861,00508
04795,7,08707,00008,21016,20990,57861,00508
04800,7,08707,00008,21016,20990,57861,00508
04805,7,08707,00008,21016,20990,57861,00508
04810,7,08707,00008,21016,20990,57861,00508
04815,7,08707,00008,21016,20990,57861,00508
04820,7,08707,00008,21016,20990,57861,00508
04825,7,08707,00008,21016,20990,57861,00508
04830,7,08707,00008,21016,20990,57861,00508
04835,7,08707,00008,21016,20990,57861,00508
04840,7,08707,00008,21016,20990,57861,00508
04845,7,08707,00008,21016,20990,57861,00508
04850,7,08707,00008,21016,20990,57861,00508
04855,7,08707,00008,21016,20990,57861,00508
04860,7,08707,00008,21016,20990,57861,00508
04865,7,08707,00008,21016,20990,57861,00508
04870,7,08707,00008,21016,20990,57861,00508
04875,7,08707,00008,21016,20990,57861,00508
04880,7,08707,00008,21016,20990,57861,00508
04885,7,08707,00008,21016,20990,57861,00508
04890,7,08707,00008,21016,20990,57861,00508
04895,7,08707,00008,21016,20990,57861,00508
04900,7,08707,00008,21016,20990,57861,00508
04905,7,08707,00008,21016,20990,57861,00508
04910,7,08707,00008,21016,20990,57861,00508
04915,7,08707,00008,21016,20990,57861,00508
04920,7,08707,00008,21016,20990,57861,00508
04925,7,08707,00008,21016,20990,57861,00508
04930,7,08707,00008,21016,20990,57861,00508
04935,7,08707,00008,21016,20990,57861,00508
04940,7,08707,00008,21016,20990,57861,00508
04945,7,08707,00008,21016,20990,57861,00508
04950,7,08707,00008,21016,20990,57861,00508
04955,7,08707,00008,21016,20990,57861,00508
04960,7,08707,00008,21016,20990,57861,00508
04965,7,08707,00008,21016,20990,57861,00508
04970,7,08707,00008,21016,20990,57861,00508
04975,7,08707,00008,21016,20990,57861,00508
04980,7,08707,00008,21016,20990,57861,00508
04985,7,08707,00008,21016,20990,57861,00508
04990,7,08707,00008,21016,20990,57861,00508
04995,7,08707,00008,21016,20990,57861,00508
05000,7,08707,00008,21016,20990,57861,00508
05005,7,08707,00008,21016,20990,57861,00508
05010,7,08707,00008,21016,20990,57861,00508
05015,7,08707,00008,21016,20990,57861,00508
05020,7,08707,00008,21016,20990,57861,00508
05025,7,08707,00008,21016,20990,57861,00508
05030,7,08707,00008,21016,20990,57861,00508
05035,7,08707,00008,21016,20990,57861,00508
05040,7,08707,00008,21016,20990,57861,00508
05045,7,08707,00008,21016,20990,57861,00508
05050,7,08707,00008,21016,20990,57861,00508
05055,7,08707,00008,21016,20990,57861,00508
05060,7,08707,00008,21016,20990,57861,00508
05065,7,08707,00008,21016,20990,57861,00508
05070,7,08707,00008,21016,20990,57861,00508
05075,7,08707,00008,21016,20990,57861,00508
05080,7,08707,00008,21016,20990,57861,00508
05085,7,08707,00008,21016,20990,57861,00508
05090,7,08707,00008,21016,20990,57861,00508
05095,7,08707,00008,21016,20990,57861,00508
05100,7,08707,00008,21016,20990,57861,00508
05105,7,08707,00008,21016,20990,57861,00508
05110,7,08707,00008,21016,20990,57861,00508
05115,7,08707,00008,21016,20990,57861,00508
05120,7,08707,00008,21016,20990,57861,00508
05125,7,08707,00008,21016,20990,57861,00508
05130,7,08707,00008,21016,20990,57861,00508
05135,7,08707,00008,21016,20990,57861,00508
05140,7,08707,00008,21016,20990,57861,00508
05145,7,08707,00008,21016,20990,57861,00508
05150,7,08707,00008,21016,20990,57861,00508
05155,7,08707,00008,21016,20990,57861,00508
05160,7,08707,00008,21016,20990,57861,00508
05165,7,08707,00008,21016,20990,57861,00508
05170,7,08707,00008,21016,20990,57861,00508
05175,7,08707,00008,21016,20990,57861,00508
05180,7,08707,00008,21016,20990,57861,00508
05185,7,08707,00008,21016,20990,57861,00508
05190,7,08707,00008,21016,20990,57861,00508
05195,7,08707,00008,21016,20990,57861,00508
05200,7,08707,00008,21016,20990,57861,00508
05205,7,08707,00008,21016,20990,57861,00508
05210,7,08707,00008,21016,20990,57861,00508
05215,7,08707,00008,21016,20990,57861,00508
05220,7,08707,00008,21016,20990,57861,00508
05225,7,08707,00008,21016,20990,57861,00508
05230,7,08707,00008,21016,20990,57861,00508
05235,7,08707,00008,21016,20990,57861,00508
05240,7,08707,00008,21016,20990,57861,00508
05245,7,08707,00008,21016,20990,57861,00508
05250,7,08707,00008,21016,20990,57861,00508
05255,7,08707,00008,21016,20990,57861,00508
05260,7,08707,00008,21016,20990,57861,00508
05265,7,08707,00008,21016,20990,57861,00508
05270,7,08707,00008,21016,20990,57861,00508
05275,7,08707,00008,21016,20990,57861,00508
05280,7,08707,00008,21016,20990,57861,00508
05285,7,08707,00008,21016,20990,57861,00508
05290,7,08707,00008,21016,20990,57861,00508
05295,7,08707,00008,21016,20990,57861,00508
05300,7,08707,00008,21016,20990,57861,00508
05305,7,08707,00008,21016,20990,57861,00508
05310,7,08707,00008,21016,20990,57861,00508
05315,7,08707,00008,21016,20990,57861,00508
05320,7,08707,00008,21016,20990,57861,00508
05325,7,08707,00008,21016,20990,57861,00508
05330,7,08707,00008,21016,20990,57861,00508
05335,7,08707,00008,21016,20990,57861,00508
05340,7,08707,00008,21016,20990,57861,00508
05345,7,08707,00008,21016,20990,57861,00508
05350,7,08707,00008,21016,20990,57861,00508
05355,7,08707,00008,21016,20990,57861,00508
05360,7,08707,00008,21016,20990,57861,00508
05365,7,08707,00008,21016,20990,57861,00508
05370,7,08707,00008,21016,20990,57861,00508
05375,7,08707,00008,21016,20990,57861,00508
05380,7,08707,00008,21016,20990,57861,00508
05385,7,08707,00008,21016,20990,57861,00508
05390,7,08707,00008,21016,20990,57861,00508
05395,7,08707,00008,21016,20990,57861,00508
05400,7,08707,00008,21016,20990,57861,00508
05405,7,08707,00008,21016,20990,57861,00508
05410,7,08707,00008,21016,20990,57861,00508
05415,7,08707,00008,21016,20990,57861,00508
05420,7,08707,00008,21016,20990,57861,00508
05425,7,08707,00008,21016,20990,57861,00508
05430,7,08707,00008,21016,20990,57861,00508
05435,7,08707,00008,21016,20990,57861,00508
05440,7,08707,00008,21016,20990,57861,00508
05445,7,08707,00008,21016,20990,57861,00508
05450,7,08707,00008,21016,20990,57861,00508
05455,7,08707,00008,21016,20990,57861,00508
05460,7,08707,00008,21016,20990,57861,00508
05465,7,08707,00008,21016,20990,57861,00508
05470,7,08707,00008,21016,20990,57861,00508
05475,7,08707,00008,21016,20990,57861,00508
05480,7,08707,00008,21016,20990,57861,00508
05485,7,08707,00008,21016,20990,57861,00508
05490,7,08707,00008,21016,20990,57861,00508
05495,7,08707,00008,21016,20990,57861,00508
05500,7,08707,00008,21016,20990,57861,00508
05505,7,08707,00008,21016,20990,57861,00508
05510,7,08707,00008,21016,20990,57861,00508
05515,7,08707,00008,21016,20990,57861,00508
05520,7,08707,00008,21016,20990,57861,00508
05525,7,08707,00008,21016,20990,57861,00508
05530,7,08707,00008,21016,20990,57861,00508
05535,7,08707,00008,21016,20990,57861,00508
05540,7,08707,00008,21016,20990,57861,00508
05545,7,08707,00008,21016,20990,57861,00508
05550,7,08707,00008,21016,20990,57861,00508
05555,7,08707,00008,21016,20990,57861,00508
05560,7,08707,00008,21016,20990,57861,00508
05565,7,08707,00008,21016,20990,57861,00508
05570,7,08707,00008,21016,20990,57861,00508
05575,7,08707,00008,21016,20990,57861,00508
05580,7,08707,00008,21016,20990,57861,00508
05585,7,08707,00008,21016,20990,57861,00508
05590,7,08707,00008,21016,20990,57861,00508
05595,7,08707,00008,21016,20990,57861,00508
05600,7,08707,00008,21016,20990,57861,00508
05605,7,08707,00008,21016,20990,57861,00508
05610,7,08707,00008,21016,20990,57861,00508
05615,7,08707,00008,21016,20990,57861,00508
05620,7,08707,00008,21016,20990,57861,00508
05625,7,08707,00008,21016,20990,57861,00508
05630,7,08707,00008,21016,20990,57861,00508
05635,7,08707,00008,21016,20990,57861,00508
05640,7,08707,00008,21016,20990,57861,00508
05645,7,08707,00008,21016,20990,57861,00508
05650,7,08707,00008,21016,20990,57861,00508
05655,7,08707,00008,21016,20990,57861,00508
05660,7,08707,00008,21016,20990,57861,00508
05665,7,08707,00008,21016,20990,57861,00508
05670,7,08707,00008,21016,20990,57861,00508
05675,7,08707,00008,21016,20990,57861,00508
05680,7,08707,00008,21016,20990,57861,00508
05685,7,08707,00008,21016,20990,57861,00508
05690,7,08707,00008,21016,20990,57861,00508
05695,7,08707,00008,21016,20990,57861,00508
05700,7,08707,00008,21016,20990,57861,00508
05705,7,08707,00008,21016,20990,57861,00508
05710,7,08707,00008,21016,20990,57861,00508
05715,7,08707,00008,21016,20990,57861,00508
05720,7,08707,00008,21016,20990,57861,00508
05725,7,08707,00008,21016,20990,57861,00508
05730,7,08707,00008,21016,20990,57861,00508
05735,7,08707,00008,21016,20990,57861,00508
05740,7,08707,00008,21016,20990,57861,00508
05745,7,08707,00008,21016,20990,57861,00508
05750,7,08707,00008,21016,20990,57861,00508
05755,7,08707,00008,21016,20990,57861,00508
05760,7,08707,00008,21016,20990,57861,00508
05765,7,08707,00008,21016,20990,57861,00508
05770,7,08707,00008,21016,20990,57861,00508
05775,7,08707,00008,21016,20990,57861,00508
05780,7,08707,00008,21016,20990,57861,00508
05785,7,08707,00008,21016,20990,57861,00508
05790,7,08707,00008,21016,20990,57861,00508
05795,7,08707,00008,21016,20990,57861,00508
05800,7,08707,00008,21016,20990,57861,00508
05805,7,08707,00008,21016,20990,57861,00508
05810,7,08707,00008,21016,20990,57861,00508
05815,7,08707,00008,21016,20990,57861,00508
05820,7,08707,00008,21016,20990,57861,00508
05825,7,08707,00008,21016,20990,57861,00508
05830,7,08707,00008,21016,20990,57861,00508
05835,7,08707,00008,21016,20990,57861,00508
05840,7,08707,00008,21016,20990,57861,00508
05845,7,08707,00008,21016,20990,57861,00508
05850,7,08707,00008,21016,20990,57861,00508
05855,7,08707,00008,21016,20990,57861,00508
05860,7,08707,00008,21016,20990,57861,00508
05865,7,08707,00008,21016,20990,57861,00508
05870,7,08707,00008,21016,20990,57861,00508
05875,7,08707,00008,21016,20990,57861,00508
05880,7,08707,00008,21016,20990,57861,00508
05885,0,01056,00060,16921,08695,16858,53729
05890,0,02080,00061,21017,33271,12762,25057
05895,0,02848,00063,25113,41462,41433,49632
05900,0,04640,00050,29209,33270,33241,16864
05905,0,05920,00060,33305,41462,12760,57823
05910,0,06688,00053,37401,20981,53720,12767
05915,0,07968,00037,00537,33269,41431,53726
05920,0,09504,00036,04633,00501,12759,20958
05925,0,11040,00033,08729,25077,00471,00478
05930,0,12832,00024,12825,41461,25046,37341
05935,0,13088,00016,16921,29173,04566,12765
05940,0,14880,00017,21017,20981,12757,49628
05945,0,16416,00012,25113,33269,33237,29148
05950,0,17184,00011,29209,37365,41429,00475
05955,0,17696,00009,33305,25077,45524,57819
05960,0,18720,00011,37401,04597,53716,37339
05965,0,18976,00008,00537,04597,45524,25050
05970,0,19744,00011,04632,53749,25044,12762
05975,0,21536,00005,08729,33269,12756,00474
05980,0,22816,00005,12825,08693,04563,37337
05985,0,23584,00000,16921,29173,16851,37337
05990,0,24608,00001,21016,61940,45522,57816
05995,0,25887,00250,25113,08692,49618,37336
06000,0,26911,00249,29209,20980,53714,20952
06005,0,27423,00250,33305,20981,04562,12759
06010,0,28448,00003,37401,16885,20945,61911
06015,0,28448,00006,00537,29173,20945,57815
06020,0,29216,00001,04633,37365,25041,49623
06025,0,30239,00254,08729,29173,25041,57814
06030,0,30239,00254,12825,16885,45521,45526
06035,0,29727,00254,16921,29173,41426,00470
06040,0,30495,00253,21017,16885,29138,00470
06045,0,30496,00003,25113,25077,29137,61910
06050,0,31264,00000,29209,04598,00465,53718
06055,0,31008,00007,33304,33269,53713,57814
06060,0,31264,00008,37400,57845,49617,45526
06065,0,31264,00000,00536,49653,53713,57814
06070,0,31007,00255,04632,49653,53713,53718
06075,0,31008,00002,08728,45558,00465,49622
06080,0,31007,00255,12824,49653,49617,61910
06085,0,30751,00254,16920,53749,53714,04566
06090,0,30751,00253,21017,00502,25042,25046
06095,0,30239,00254,25112,57846,04562,41430
06100,0,29983,00247,29209,08694,49618,57814
06105,0,29215,00247,33304,53750,49618,61910
06110,0,28703,00251,37400,45558,53715,08662
06115,0,28192,00002,00536,33270,41427,08662
06120,0,27936,00002,04632,45558,49619,20950
06125,0,27679,00255,08728,53750,37331,20950
06130,0,27423,00253,12824,45558,61907,20950
06135,0,27679,00248,16920,41462,45523,20950
06140,0,27935,00254,21016,45558,45523,37334
06145,0,27935,00253,25112,49654,45523,29143
06150,0,27423,00247,29209,12790,53715,29142
06155,0,26911,00252,33305,00503,20947,25047
06160,0,27167,00254,37401,00503,04563,20951
06165,0,26656,00004,00536,53751,16851,16855
06170,0,26912,00002,04633,25079,41427,08662
06175,0,26655,00254,08729,20983,33235,04566
06180,0,26400,00006,12824,53751,37331,16855
06185,0,26144,00009,16921,12791,33235,16855
06190,0,26143,00255,21017,12791,57811,25047
06195,0,25376,00011,25113,33272,00467,25047
06200,0,25376,00002,29209,12791,61907,41431
06205,0,25119,00255,33305,08696,00467,45527
06210,0,24607,00247,37401,29176,12755,41431
06215,0,24863,00250,00537,20984,12755,45527
06220,0,24351,00247,04633,37368,04563,33239
06225,0,24095,00247,08729,41464,20947,33239
06230,0,23327,00245,12825,25080,20947,33239
06235,0,22815,00240,16920,61944,20947,25047
06240,0,22559,00242,21017,20984,04563,16855
06245,0,22559,00236,25113,20984,08659,16855
06250,0,22047,00235,29209,25080,00467,16855
06255,0,22303,00237,33305,25079,57811,25047
06260,0,22815,00241,37401,08696,00467,33239
06265,0,22047,00237,00537,20983,57811,33239
06270,0,22047,00234,04633,29175,61907,33239
06275,0,21279,00240,08729,25079,49619,33239
06280,0,21279,00240,12825,41464,00467,49624
06285,0,19743,00238,16921,41464,25043,57816
06290,0,18463,00237,21017,25080,33236,16856
06295,0,18207,00237,25113,37368,41428,25048
06300,0,17951,00240,29209,37368,41428,33240
06305,0,17183,00232,33305,61944,20949,16857
06310,0,17183,00235,37401,41464,57813,29145
06315,0,16671,00235,00537,61945,20950,16857
06320,0,15903,00241,04634,00504,53718,41433
06325,0,15647,00235,08729,57849,16855,00474
06330,0,15903,00236,12825,41465,04567,33242
06335,0,15903,00235,16921,29177,04568,00474
06340,0,15647,00238,21017,25080,61912,20954
06345,0,15135,00236,25113,41465,20952,49626
06350,0,14111,00241,29209,20985,29145,04571
06355,0,13599,00242,33305,20985,29145,16859
06360,0,13343,00242,37401,16889,25049,25051
06365,0,13087,00231,00537,12793,08665,41435
06370,0,13343,00233,04633,08697,16857,49627
06375,0,12575,00231,08729,20985,37337,57820
06380,0,11807,00245,12825,29178,20954,12764
06385,0,10271,00250,16921,20986,04570,16860
06390,0,10015,00248,21017,29178,04570,12764
06395,0,09503,00243,25113,20985,49626,08668
06400,0,08735,00246,29209,29178,04569,53724
06405,0,08479,00243,33305,33273,61913,49628
06410,0,07967,00244,37401,33274,04569,37340
06415,0,06943,00235,00537,16889,61913,25052
06420,0,05919,00233,04633,33274,04569,12764
06425,0,05919,00232,08729,33273,61913,04572
06430,0,05407,00232,12825,41466,12760,49628
06435,0,05663,00231,16922,00505,61912,33244
06440,0,05407,00233,21017,49658,12760,04571
06445,0,04639,00229,25113,16890,04567,53723
06450,0,04383,00235,29209,29177,61911,33243
06455,0,04639,00234,33305,33273,20950,61915
06460,0,04639,00233,37401,12793,16854,45531
06465,0,04895,00238,00537,25081,25046,16858
06470,0,05151,00235,04633,33273,08661,61914
06475,0,05407,00230,08729,37369,08661,49626
06480,0,05407,00231,12825,45561,12757,45530
06485,0,05407,00228,16921,53753,16853,53722
06490,0,05919,00233,21018,04600,45525,37338
06495,0,06431,00233,25114,12792,20949,41434
06500,0,06431,00218,29210,04599,41429,33242
06505,0,06943,00218,33306,33271,12757,37338
06510,0,07455,00208,37402,25079,08661,53722
06515,0,07455,00207,00538,45559,12757,45530
06520,0,06943,00205,04634,45558,53717,53722
06525,0,06431,00210,08730,37366,53717,53722
06530,0,06431,00215,12826,25078,37333,61914
06535,0,06431,00214,16922,20982,37333,53722
06540,0,06431,00217,21018,25078,25045,53722
06545,0,06687,00214,25114,37365,61909,53722
06550,0,05919,00218,29210,16886,12757,37338
06555,0,05407,00217,33306,25077,61909,53722
06560,0,05407,00213,37402,20981,49622,00474
06565,0,05151,00209,00537,57845,41430,04571
06570,0,05151,00216,04633,45557,41430,16859
06575,0,04895,00216,08729,37365,45526,20955
06580,0,04895,00215,12825,49653,45526,33243
06585,0,04895,00219,16921,37365,45526,37339
06590,0,04639,00215,21017,37365,61910,41435
06595,0,04895,00220,25113,61942,16854,45531
06600,0,03871,00228,29209,45558,29142,45531
06605,0,04127,00228,33305,33270,37334,45531
06610,0,03871,00234,37401,08694,29142,45531
06615,0,03871,00242,00537,20983,12758,49627
06620,0,04639,00241,04633,25079,04566,45531
06625,0,03871,00244,08729,20983,08662,45531
06630,0,03871,00238,12825,37367,37334,37339
06635,0,03871,00237,16921,29175,16854,41435
06640,0,03615,00245,21017,33271,12758,45531
06645,0,03615,00244,25113,16887,29142,33243
06650,0,03615,00243,29209,25079,25046,37339
06655,0,03359,00250,33305,00503,29142,29147
06660,0,02847,00236,37400,57847,25046,33243
06665,0,02335,00246,00536,53751,16854,53723
06670,0,02079,00249,04632,57847,33238,61915
06675,0,02079,00248,08728,53751,37334,61915
06680,0,01311,00245,12825,12791,45527,04571
06685,0,00287,00248,16921,12791,25047,08667
06690,0,00287,00244,21017,29175,25047,12763
06695,0,01055,00242,25113,16887,16855,16860
06700,0,00287,00241,29209,20982,57815,25052
06705,0,01055,00238,33305,20982,53719,25052
06710,0,00543,00236,37401,45558,12759,20956
06715,0,00543,00225,00537,41462,00471,20956
06720,0,00799,00232,04633,41462,00471,16860
06725,0,00799,00229,08729,33269,61911,25052
06730,0,00799,00233,12825,57845,53719,33244
06735,0,00543,00225,16921,45557,37335,41436
06740,0,00031,00225,21017,45557,20951,37340
06745,0,00031,00224,25113,45557,29143,49628
06750,0,00031,00224,25113,45557,29143,49628
06755,0,00031,00224,25113,45557,29143,49628
06760,0,00031,00224,25113,45557,29143,49628
06765,0,00031,00224,25113,45557,29143,49628
06770,0,00031,00224,25113,45557,29143,49628
06775,0,00031,00224,25113,45557,29143,49628
06780,0,00031,00224,25113,45557,29143,49628
06785,0,00031,00224,25113,45557,29143,49628
06790,0,00031,00224,25113,45557,29143,49628
06795,0,00031,00224,25113,45557,29143,49628
06800,0,00031,00224,25113,45557,29143,49628
06805,0,00031,00224,25113,45557,29143,49628
06810,0,00031,00224,25113,45557,29143,49628
06815,0,00031,00224,25113,45557,29143,49628
06820,0,00031,00224,25113,45557,29143,49628
06825,0,00031,00224,25113,45557,29143,49628
06830,0,00031,00224,25113,45557,29143,49628
06835,0,00031,00224,25113,45557,29143,49628
06840,0,00031,00224,25113,45557,29143,49628
06845,0,00031,00224,25113,45557,29143,49628
06850,0,00031,00224,25113,45557,29143,49628
06855,0,00031,00224,25113,45557,29143,49628
06860,0,00031,00224,25113,45557,29143,49628
06865,0,00031,00224,25113,45557,29143,49628
06870,0,00031,00224,25113,45557,29143,49628
06875,0,00031,00224,25113,45557,29143,49628
06880,0,00031,00224,25113,45557,29143,49628
06885,0,00031,00224,25113,45557,29143,49628
06890,0,00031,00224,25113,45557,29143,49628
06895,0,00031,00224,25113,45557,29143,49628
06900,0,00031,00224,25113,45557,29143,49628
06905,0,00031,00224,25113,45557,29143,49628
06910,0,00031,00224,25113,45557,29143,49628
06915,0,00031,00224,25113,45557,29143,49628
06920,0,00031,00224,25113,45557,29143,49628
06925,0,00031,00224,25113,45557,29143,49628
06930,0,00031,00224,25113,45557,29143,49628
06935,0,00031,00224,25113,45557,29143,49628
06940,0,00031,00224,25113,45557,29143,49628
06945,0,00031,00224,25113,45557,29143,49628
06950,0,00031,00224,25113,45557,29143,49628
06955,0,00031,00224,25113,45557,29143,49628
06960,0,00031,00224,25113,45557,29143,49628
06965,0,00031,00224,25113,45557,29143,49628
06970,0,00031,00224,25113,45557,29143,49628
06975,0,00031,00224,25113,45557,29143,49628
06980,0,00031,00224,25113,45557,29143,49628
06985,0,00031,00224,25113,45557,29143,49628
06990,0,00031,00224,25113,45557,29143,49628
06995,0,00031,00224,25113,45557,29143,49628
07000,0,00031,00224,25113,45557,29143,49628
07005,0,00031,00224,25113,45557,29143,49628
07010,0,00031,00224,25113,45557,29143,49628
07015,0,00031,00224,25113,45557,29143,49628
07020,0,00031,00224,25113,45557,29143,49628
07025,0,00031,00224,25113,45557,29143,49628
07030,0,00031,00224,25113,45557,29143,49628
07035,0,00031,00224,25113,45557,29143,49628
07040,0,00031,00224,25113,45557,29143,49628
07045,0,00031,00224,25113,45557,29143,49628
07050,0,00031,00224,25113,45557,29143,49628
07055,0,00031,00224,25113,45557,29143,49628
07060,0,00031,00224,25113,45557,29143,49628
07065,0,00031,00224,25113,45557,29143,49628
07070,0,00031,00224,25113,45557,29143,49628
07075,0,00031,00224,25113,45557,29143,49628
07080,0,00031,00224,25113,45557,29143,49628
07085,0,00031,00224,25113,45557,29143,49628
07090,0,00031,00224,25113,45557,29143,49628
07095,0,00031,00224,25113,45557,29143,49628
07100,0,00031,00224,25113,45557,29143,49628
07105,0,00031,00224,25113,45557,29143,49628
07110,0,00031,00224,25113,45557,29143,49628
07115,0,00031,00224,25113,45557,29143,49628
07120,0,00031,00224,25113,45557,29143,49628
07125,0,00031,00224,25113,45557,29143,49628
07130,0,00031,00224,25113,45557,29143,49628
07135,0,00031,00224,25113,45557,29143,49628
07140,0,00031,00224,25113,45557,29143,49628
07145,0,00031,00224,25113,45557,29143,49628
07150,0,00031,00224,25113,45557,29143,49628
07155,0,00031,00224,25113,45557,29143,49628
07160,0,00031,00224,25113,45557,29143,49628
07165,0,00031,00224,25113,45557,29143,49628
07170,0,00031,00224,25113,45557,29143,49628
07175,0,00031,00224,25113,45557,29143,49628
07180,0,00031,00224,25113,45557,29143,49628
07185,0,00031,00224,25113,45557,29143,49628
07190,0,00031,00224,25113,45557,29143,49628
07195,0,00031,00224,25113,45557,29143,49628
07200,0,00031,00224,25113,45557,29143,49628
07205,0,00031,00224,25113,45557,29143,49628
07210,0,00031,00224,25113,45557,29143,49628
07215,0,00031,00224,25113,45557,29143,49628
07220,0,00031,00224,25113,45557,29143,49628
07225,0,00031,00224,25113,45557,29143,49628
07230,0,00031,00224,25113,45557,29143,49628
07235,0,00031,00224,25113,45557,29143,49628
07240,0,00031,00224,25113,45557,29143,49628
07245,0,00031,00224,25113,45557,29143,49628
07250,0,00031,00224,25113,45557,29143,49628
07255,0,00031,00224,25113,45557,29143,49628
07260,0,00031,00224,25113,45557,29143,49628
07265,0,00031,00224,25113,45557,29143,49628
07270,0,00031,00224,25113,45557,29143,49628
07275,0,00031,00224,25113,45557,29143,49628
07280,0,00031,00224,25113,45557,29143,49628
07285,0,00031,00224,25113,45557,29143,49628
07290,0,00031,00224,25113,45557,29143,49628
07295,0,00031,00224,25113,45557,29143,49628
07300,0,00031,00224,25113,45557,29143,49628
07305,0,00031,00224,25113,45557,29143,49628
07310,0,00031,00224,25113,45557,29143,49628
07315,0,00031,00224,25113,45557,29143,49628
07320,0,00031,00224,25113,45557,29143,49628
07325,0,00031,00224,25113,45557,29143,49628
07330,0,00031,00224,25113,45557,29143,49628
07335,0,00031,00224,25113,45557,29143,49628
07340,0,00031,00224,25113,45557,29143,49628
07345,0,00031,00224,25113,45557,29143,49628
07350,0,00031,00224,25113,45557,29143,49628
07355,0,00031,00224,25113,45557,29143,49628
07360,0,00031,00224,25113,45557,29143,49628
07365,0,00031,00224,25113,45557,29143,49628
07370,0,00031,00224,25113,45557,29143,49628
07375,0,00031,00224,25113,45557,29143,49628
07380,0,00031,00224,25113,45557,29143,49628
07385,0,00031,00224,25113,45557,29143,49628
07390,0,00031,00224,25113,45557,29143,49628
07395,0,00031,00224,25113,45557,29143,49628
07400,0,00031,00224,25113,45557,29143,49628
07405,0,00031,00224,25113,45557,29143,49628
07410,0,00031,00224,25113,45557,29143,49628
07415,0,00031,00224,25113,45557,29143,49628
07420,0,00031,00224,25113,45557,29143,49628
07425,0,00031,00224,25113,45557,29143,49628
07430,0,00031,00224,25113,45557,29143,49628
07435,0,00031,00224,25113,45557,29143,49628
07440,0,00031,00224,25113,45557,29143,49628
07445,0,00031,00224,25113,45557,29143,49628
07450,0,00031,00224,25113,45557,29143,49628
07455,0,00031,00224,25113,45557,29143,49628
07460,0,00031,00224,25113,45557,29143,49628
07465,0,00031,00224,25113,45557,29143,49628
07470,0,00031,00224,25113,45557,29143,49628
07475,0,00031,00224,25113,45557,29143,49628
07480,0,00031,00224,25113,45557,29143,49628
07485,0,00031,00224,25113,45557,29143,49628
07490,0,00031,00224,25113,45557,29143,49628
07495,0,00031,00224,25113,45557,29143,49628
07500,0,00031,00224,25113,45557,29143,49628
07505,0,00031,00224,25113,45557,29143,49628
07510,0,00031,00224,25113,45557,29143,49628
07515,0,00031,00224,25113,45557,29143,49628
07520,0,00031,00224,25113,45557,29143,49628
07525,0,00031,00224,25113,45557,29143,49628
07530,0,00031,00224,25113,45557,29143,49628
07535,0,00031,00224,25113,45557,29143,49628
07540,0,00031,00224,25113,45557,29143,49628
07545,0,00031,00224,25113,45557,29143,49628
07550,0,00031,00224,25113,45557,29143,49628
07555,0,00031,00224,25113,45557,29143,49628
07560,0,00031,00224,25113,45557,29143,49628
07565,0,00031,00224,25113,45557,29143,49628
07570,0,00031,00224,25113,45557,29143,49628
07575,0,00031,00224,25113,45557,29143,49628
07580,0,00031,00224,25113,45557,29143,49628
07585,0,00031,00224,25113,45557,29143,49628
07590,0,00031,00224,25113,45557,29143,49628
07595,0,00031,00224,25113,45557,29143,49628
07600,0,00031,00224,25113,45557,29143,49628
07605,0,00031,00224,25113,45557,29143,49628
07610,0,00031,00224,25113,45557,29143,49628
07615,0,00031,00224,25113,45557,29143,49628
07620,0,00031,00224,25113,45557,29143,49628
07625,0,00031,00224,25113,45557,29143,49628
07630,0,00031,00224,25113,45557,29143,49628
07635,0,00031,00224,25113,45557,29143,49628
07640,0,00031,00224,25113,45557,29143,49628
07645,0,00031,00224,25113,45557,29143,49628
07650,0,00031,00224,25113,45557,29143,49628
07655,0,00031,00224,25113,45557,29143,49628
07660,0,00031,00224,25113,45557,29143,49628
07665,0,00031,00224,25113,45557,29143,49628
07670,0,00031,00224,25113,45557,29143,49628
07675,0,00031,00224,25113,45557,29143,49628
07680,0,00031,00224,25113,45557,29143,49628
07685,0,00031,00224,25113,45557,29143,49628
07690,0,00031,00224,25113,45557,29143,49628
07695,0,00031,00224,25113,45557,29143,49628
07700,0,00031,00224,25113,45557,29143,49628
07705,0,00031,00224,25113,45557,29143,49628
07710,0,00031,00224,25113,45557,29143,49628
07715,0,00031,00224,25113,45557,29143,49628
07720,0,00031,00224,25113,45557,29143,49628
07725,0,00031,00224,25113,45557,29143,49628
07730,0,00031,00224,25113,45557,29143,49628
07735,0,00031,00224,25113,45557,29143,49628
07740,0,00031,00224,25113,45557,29143,49628
07745,0,00031,00224,25113,45557,29143,49628
07750,0,00031,00224,25113,45557,29143,49628
07755,0,00031,00224,25113,45557,29143,49628
07760,0,00031,00224,25113,45557,29143,49628
07765,0,00031,00224,25113,45557,29143,49628
07770,0,00031,00224,25113,45557,29143,49628
07775,0,00031,00224,25113,45557,29143,49628
07780,0,00031,00224,25113,45557,29143,49628
07785,0,00031,00224,25113,45557,29143,49628
07790,0,00031,00224,25113,45557,29143,49628
07795,0,00031,00224,25113,45557,29143,49628
07800,0,00031,00224,25113,45557,29143,49628
07805,0,00031,00224,25113,45557,29143,49628
07810,0,00031,00224,25113,45557,29143,49628
07815,0,00031,00224,25113,45557,29143,49628
07820,0,00031,00224,25113,45557,29143,49628
07825,0,00031,00224,25113,45557,29143,49628
07830,0,00031,00224,25113,45557,29143,49628
07835,0,00031,00224,25113,45557,29143,49628
07840,0,00031,00224,25113,45557,29143,49628
07845,0,00031,00224,25113,45557,29143,49628
07850,0,00031,00224,25113,45557,29143,49628
07855,0,00031,00224,25113,45557,29143,49628
07860,0,00031,00224,25113,45557,29143,49628
07865,0,00031,00224,25113,45557,29143,49628
07870,0,00031,00224,25113,45557,29143,49628
07875,0,00031,00224,25113,45557,29143,49628
07880,0,00031,00224,25113,45557,29143,49628
07885,0,00031,00224,25113,45557,29143,49628
07890,0,00031,00224,25113,45557,29143,49628
07895,0,00031,00224,25113,45557,29143,49628
07900,0,00031,00224,25113,45557,29143,49628
07905,0,00031,00224,25113,45557,29143,49628
07910,0,00031,00224,25113,45557,29143,49628
07915,0,00031,00224,25113,45557,29143,49628
07920,0,00031,00224,25113,45557,29143,49628
07925,0,00031,00224,25113,45557,29143,49628
07930,0,00031,00224,25113,45557,29143,49628
07935,0,00031,00224,25113,45557,29143,49628
07940,0,00031,00224,25113,45557,29143,49628
07945,0,00031,00224,25113,45557,29143,49628
07950,0,00031,00224,25113,45557,29143,49628
07955,0,00031,00224,25113,45557,29143,49628
07960,0,00031,00224,25113,45557,29143,49628
07965,0,00031,00224,25113,45557,29143,49628
07970,0,00031,00224,25113,45557,29143,49628
07975,0,00031,00224,25113,45557,29143,49628
07980,0,00031,00224,25113,45557,29143,49628
07985,0,00031,00224,25113,45557,29143,49628
07990,0,00031,00224,25113,45557,29143,49628
07995,0,00031,00224,25113,45557,29143,49628
08000,0,00031,00224,25113,45557,29143,49628
08005,0,00031,00224,25113,45557,29143,49628
08010,0,00031,00224,25113,45557,29143,49628
08015,0,00031,00224,25113,45557,29143,49628
08020,0,00031,00224,25113,45557,29143,49628
08025,0,00031,00224,25113,45557,29143,49628
08030,0,00031,00224,25113,45557,29143,49628
08035,0,00031,00224,25113,45557,29143,49628
08040,0,00031,00224,25113,45557,29143,49628
08045,0,00031,00224,25113,45557,29143,49628
08050,0,00031,00224,25113,45557,29143,49628
08055,0,00031,00224,25113,45557,29143,49628
08060,0,00031,00224,25113,45557,29143,49628
08065,0,00031,00224,25113,45557,29143,49628
08070,0,00031,00224,25113,45557,29143,49628
08075,0,00031,00224,25113,45557,29143,49628
08080,0,00031,00224,25113,45557,29143,49628
08085,0,00031,00224,25113,45557,29143,49628
08090,0,00031,00224,25113,45557,29143,49628
08095,0,00031,00224,25113,45557,29143,49628
08100,0,00031,00224,25113,45557,29143,49628
08105,0,00031,00224,25113,45557,29143,49628
08110,0,00031,00224,25113,45557,29143,49628
08115,0,00031,00224,25113,45557,29143,49628
08120,0,00031,00224,25113,45557,29143,49628
08125,0,00031,00224,25113,45557,29143,49628
08130,0,00031,00224,25113,45557,29143,49628
08135,0,00031,00224,25113,45557,29143,49628
08140,0,00031,00224,25113,45557,29143,49628
08145,0,00031,00224,25113,45557,29143,49628
08150,0,00031,00224,25113,45557,29143,49628
08155,0,00031,00224,25113,45557,29143,49628
08160,0,00031,00224,25113,45557,29143,49628
08165,0,00031,00224,25113,45557,29143,49628
08170,0,00031,00224,25113,45557,29143,49628
08175,0,00031,00224,25113,45557,29143,49628
08180,0,00031,00224,25113,45557,29143,49628
08185,0,00031,00224,25113,45557,29143,49628
08190,0,00031,00224,25113,45557,29143,49628
08195,0,00031,00224,25113,45557,29143,49628
08200,0,00031,00224,25113,45557,29143,49628
08205,0,00031,00224,25113,45557,29143,49628
08210,0,00031,00224,25113,45557,29143,49628
08215,0,00031,00224,25113,45557,29143,49628
08220,0,00031,00224,25113,45557,29143,49628
08225,0,00031,00224,25113,45557,29143,49628
08230,0,00031,00224,25113,45557,29143,49628
08235,0,00031,00224,25113,45557,29143,49628
08240,0,00031,00224,25113,45557,29143,49628
08245,0,00031,00224,25113,45557,29143,49628
08250,0,00031,00224,25113,45557,29143,49628
08255,0,00031,00224,25113,45557,29143,49628
08260,0,00031,00224,25113,45557,29143,49628
08265,0,00031,00224,25113,45557,29143,49628
08270,0,00031,00224,25113,45557,29143,49628
08275,0,00031,00224,25113,45557,29143,49628
08280,0,00031,00224,25113,45557,29143,49628
08285,0,00031,00224,25113,45557,29143,49628
08290,0,00031,00224,25113,45557,29143,49628
08295,0,00031,00224,25113,45557,29143,49628
08300,0,00031,00224,25113,45557,29143,49628
08305,0,00031,00224,25113,45557,29143,49628
08310,0,00031,00224,25113,45557,29143,49628
08315,0,00031,00224,25113,45557,29143,49628
08320,0,00031,00224,25113,45557,29143,49628
08325,0,00031,00224,25113,45557,29143,49628
08330,0,00031,00224,25113,45557,29143,49628
08335,0,00031,00224,25113,45557,29143,49628
08340,0,00031,00224,25113,45557,29143,49628
08345,0,00031,00224,25113,45557,29143,49628
08350,0,00031,00224,25113,45557,29143,49628
08355,0,00031,00224,25113,45557,29143,49628
08360,0,00031,00224,25113,45557,29143,49628
08365,0,00031,00224,25113,45557,29143,49628
08370,0,00031,00224,25113,45557,29143,49628
08375,0,00031,00224,25113,45557,29143,49628
08380,0,00031,00224,25113,45557,29143,49628
08385,0,00031,00224,25113,45557,29143,49628
08390,0,00031,00224,25113,45557,29143,49628
08395,0,00031,00224,25113,45557,29143,49628
08400,0,00031,00224,25113,45557,29143,49628
08405,0,00031,00224,25113,45557,29143,49628
08410,0,00031,00224,25113,45557,29143,49628
08415,0,00031,00224,25113,45557,29143,49628
08420,0,00031,00224,25113,45557,29143,49628
08425,0,00031,00224,25113,45557,29143,49628
08430,0,00031,00224,25113,45557,29143,49628
08435,0,00031,00224,25113,45557,29143,49628
08440,0,00031,00224,25113,45557,29143,49628
08445,0,00031,00224,25113,45557,29143,49628
08450,0,00031,00224,25113,45557,29143,49628
08455,0,00031,00224,25113,45557,29143,49628
08460,0,00031,00224,25113,45557,29143,49628
08465,0,00031,00224,25113,45557,29143,49628
08470,0,00031,00224,25113,45557,29143,49628
08475,0,00031,00224,25113,45557,29143,49628
08480,0,00031,00224,25113,45557,29143,49628
08485,0,00031,00224,25113,45557,29143,49628
08490,0,00031,00224,25113,45557,29143,49628
08495,0,00031,00224,25113,45557,29143,49628
08500,0,00031,00224,25113,45557,29143,49628
08505,0,00031,00224,25113,45557,29143,49628
08510,0,00031,00224,25113,45557,29143,49628
08515,0,00031,00224,25113,45557,29143,49628
08520,0,00031,00224,25113,45557,29143,49628
08525,0,00031,00224,25113,45557,29143,49628
08530,0,00031,00224,25113,45557,29143,49628
08535,0,00031,00224,25113,45557,29143,49628
08540,0,00031,00224,25113,45557,29143,49628
08545,0,00031,00224,25113,45557,29143,49628
08550,0,00031,00224,25113,45557,29143,49628
08555,0,00031,00224,25113,45557,29143,49628
08560,0,00031,00224,25113,45557,29143,49628
08565,0,00031,00224,25113,45557,29143,49628
08570,0,00031,00224,25113,45557,29143,49628
08575,0,00031,00224,25113,45557,29143,49628
08580,0,00031,00224,25113,45557,29143,49628
08585,0,00031,00224,25113,45557,29143,49628
08590,0,00031,00224,25113,45557,29143,49628
08595,0,00031,00224,25113,45557,29143,49628
08600,0,00031,00224,25113,45557,29143,49628
08605,0,00031,00224,25113,45557,29143,49628
08610,0,00031,00224,25113,45557,29143,49628
08615,0,00031,00224,25113,45557,29143,49628
08620,0,00031,00224,25113,45557,29143,49628
08625,0,00031,00224,25113,45557,29143,49628
08630,0,00031,00224,25113,45557,29143,49628
08635,0,00031,00224,25113,45557,29143,49628
08640,0,00031,00224,25113,45557,29143,49628
08645,0,00031,00224,25113,45557,29143,49628
08650,0,00031,00224,25113,45557,29143,49628
08655,0,00031,00224,25113,45557,29143,49628
08660,0,00031,00224,25113,45557,29143,49628
08665,0,00031,00224,25113,45557,29143,49628
08670,0,00031,00224,25113,45557,29143,49628
08675,0,00031,00224,25113,45557,29143,49628
08680,0,00031,00224,25113,45557,29143,49628
08685,0,00031,00224,25113,45557,29143,49628
08690,0,00031,00224,25113,45557,29143,49628
08695,0,00031,00224,25113,45557,29143,49628
08700,0,00031,00224,25113,45557,29143,49628
08705,0,00031,00224,25113,45557,29143,49628
08710,0,00031,00224,25113,45557,29143,49628
08715,0,00031,00224,25113,45557,29143,49628
08720,0,00031,00224,25113,45557,29143,49628
08725,0,00031,00224,25113,45557,29143,49628
08730,0,00031,00224,25113,45557,29143,49628
08735,0,00031,00224,25113,45557,29143,49628
08740,0,00031,00224,25113,45557,29143,49628
08745,0,00031,00224,25113,45557,29143,49628
08750,0,00031,00224,25113,45557,29143,49628
08755,0,00031,00224,25113,45557,29143,49628
08760,0,00031,00224,25113,45557,29143,49628
08765,0,00031,00224,25113,45557,29143,49628
08770,0,00031,00224,25113,45557,29143,49628
08775,0,00031,00224,25113,45557,29143,49628
08780,0,00031,00224,25113,45557,29143,49628
08785,0,00031,00224,25113,45557,29143,49628
08790,0,00031,00224,25113,45557,29143,49628
08795,0,00031,00224,25113,45557,29143,49628
08800,0,00031,00224,25113,45557,29143,49628
08805,0,00031,00224,25113,45557,29143,49628
08810,0,00031,00224,25113,45557,29143,49628
08815,0,00031,00224,25113,45557,29143,49628
08820,0,00031,00224,25113,45557,29143,49628
08825,0,00031,00224,25113,45557,29143,49628
08830,0,00031,00224,25113,45557,29143,49628
08835,0,00031,00224,25113,45557,29143,49628
08840,0,00031,00224,25113,45557,29143,49628
08845,0,00031,00224,25113,45557,29143,49628
08850,0,00031,00224,25113,45557,29143,49628
08855,0,00031,00224,25113,45557,29143,49628
08860,0,00031,00224,25113,45557,29143,49628
08865,0,00031,00224,25113,45557,29143,49628
08870,0,00031,00224,25113,45557,29143,49628
08875,0,00031,00224,25113,45557,29143,49628
08880,0,00031,00224,25113,45557,29143,49628
08885,0,00031,00224,25113,45557,29143,49628
08890,0,00031,00224,25113,45557,29143,49628
08895,0,00031,00224,25113,45557,29143,49628
08900,0,00031,00224,25113,45557,29143,49628
08905,0,00031,00224,25113,45557,29143,49628
08910,0,00031,00224,25113,45557,29143,49628
08915,0,00031,00224,25113,45557,29143,49628
08920,0,00031,00224,25113,45557,29143,49628
08925,0,00031,00224,25113,45557,29143,49628
08930,0,00031,00224,25113,45557,29143,49628
08935,0,00031,00224,25113,45557,29143,49628
08940,0,00031,00224,25113,45557,29143,49628
08945,0,00031,00224,25113,45557,29143,49628
08950,0,00031,00224,25113,45557,29143,49628
08955,0,00031,00224,25113,45557,29143,49628
08960,0,00031,00224,25113,45557,29143,49628
08965,0,00031,00224,25113,45557,29143,49628
08970,0,00031,00224,25113,45557,29143,49628
08975,0,00031,00224,25113,45557,29143,49628
08980,0,00031,00224,25113,45557,29143,49628
08985,0,00031,00224,25113,45557,29143,49628
08990,0,00031,00224,25113,45557,29143,49628
08995,0,00031,00224,25113,45557,29143,49628
09000,0,00031,00224,25113,45557,29143,49628
09005,0,00031,00224,25113,45557,29143,49628
09010,0,00031,00224,25113,45557,29143,49628
09015,0,00031,00224,25113,45557,29143,49628
09020,0,00031,00224,25113,45557,29143,49628
09025,0,00031,00224,25113,45557,29143,49628
09030,0,00031,00224,25113,45557,29143,49628
09035,0,00031,00224,25113,45557,29143,49628
09040,0,00031,00224,25113,45557,29143,49628
09045,0,00031,00224,25113,45557,29143,49628
09050,0,00031,00224,25113,45557,29143,49628
09055,0,00031,00224,25113,45557,29143,49628
09060,0,00031,00224,25113,45557,29143,49628
09065,0,00031,00224,25113,45557,29143,49628
09070,0,00031,00224,25113,45557,29143,49628
09075,0,00031,00224,25113,45557,29143,49628
09080,0,00031,00224,25113,45557,29143,49628
09085,0,00031,00224,25113,45557,29143,49628
09090,0,00031,00224,25113,45557,29143,49628
09095,0,00031,00224,25113,45557,29143,49628
09100,0,00031,00224,25113,45557,29143,49628
09105,0,00031,00224,25113,45557,29143,49628
09110,0,00031,00224,25113,45557,29143,49628
09115,0,00031,00224,25113,45557,29143,49628
09120,0,00031,00224,25113,45557,29143,49628
09125,0,00031,00224,25113,45557,29143,49628
09130,0,00031,00224,25113,45557,29143,49628
09135,0,00031,00224,25113,45557,29143,49628
09140,0,00031,00224,25113,45557,29143,49628
09145,0,00031,00224,25113,45557,29143,49628
09150,0,00031,00224,25113,45557,29143,49628
09155,0,00031,00224,25113,45557,29143,49628
09160,0,00031,00224,25113,45557,29143,49628
09165,0,00031,00224,25113,45557,29143,49628
09170,0,00031,00224,25113,45557,29143,49628
09175,0,00031,00224,25113,45557,29143,49628
09180,0,00031,00224,25113,45557,29143,49628
09185,0,00031,00224,25113,45557,29143,49628
09190,0,00031,00224,25113,45557,29143,49628
09195,0,00031,00224,25113,45557,29143,49628
09200,0,00031,00224,25113,45557,29143,49628
09205,0,00031,00224,25113,45557,29143,49628
09210,0,00031,00224,25113,45557,29143,49628
09215,0,00031,00224,25113,45557,29143,49628
09220,0,00031,00224,25113,45557,29143,49628
09225,0,00031,00224,25113,45557,29143,49628
09230,0,00031,00224,25113,45557,29143,49628
09235,0,00031,00224,25113,45557,29143,49628
09240,0,00031,00224,25113,45557,29143,49628
09245,0,00031,00224,25113,45557,29143,49628
09250,0,00031,00224,25113,45557,29143,49628
09255,0,00031,00224,25113,45557,29143,49628
09260,0,00031,00224,25113,45557,29143,49628
09265,0,00031,00224,25113,45557,29143,49628
09270,0,00031,00224,25113,45557,29143,49628
09275,0,00031,00224,25113,45557,29143,49628
09280,0,00031,00224,25113,45557,29143,49628
09285,0,00031,00224,25113,45557,29143,49628
09290,0,00031,00224,25113,45557,29143,49628
09295,0,00031,00224,25113,45557,29143,49628
09300,0,00031,00224,25113,45557,29143,49628
09305,0,00031,00224,25113,45557,29143,49628
09310,0,00031,00224,25113,45557,29143,49628
09315,0,00031,00224,25113,45557,29143,49628
09320,0,00031,00224,25113,45557,29143,49628
09325,0,00031,00224,25113,45557,29143,49628
09330,0,00031,00224,25113,45557,29143,49628
09335,0,00031,00224,25113,45557,29143,49628
09340,0,00031,00224,25113,45557,29143,49628
09345,0,00031,00224,25113,45557,29143,49628
09350,0,00031,00224,25113,45557,29143,49628
09355,0,00031,00224,25113,45557,29143,49628
09360,0,00031,00224,25113,45557,29143,49628
09365,0,00031,00224,25113,45557,29143,49628
09370,0,00031,00224,25113,45557,29143,49628
09375,0,00031,00224,25113,45557,29143,49628
09380,0,00031,00224,25113,45557,29143,49628
09385,0,00031,00224,25113,45557,29143,49628
09390,0,00031,00224,25113,45557,29143,49628
09395,0,00031,00224,25113,45557,29143,49628
09400,0,00031,00224,25113,45557,29143,49628
09405,0,00031,00224,25113,45557,29143,49628
09410,0,00031,00224,25113,45557,29143,49628
09415,0,00031,00224,25113,45557,29143,49628
09420,0,00031,00224,25113,45557,29143,49628
09425,0,00031,00224,25113,45557,29143,49628
09430,0,00031,00224,25113,45557,29143,49628
09435,0,00031,00224,25113,45557,29143,49628
09440,0,00031,00224,25113,45557,29143,49628
09445,0,00031,00224,25113,45557,29143,49628
09450,0,00031,00224,25113,45557,29143,49628
09455,0,00031,00224,25113,45557,29143,49628
09460,0,00031,00224,25113,45557,29143,49628
09465,0,00031,00224,25113,45557,29143,49628
09470,0,00031,00224,25113,45557,29143,49628
09475,0,00031,00224,25113,45557,29143,49628
09480,0,00031,00224,25113,45557,29143,49628
09485,0,00031,00224,25113,45557,29143,49628
09490,0,00031,00224,25113,45557,29143,49628
09495,0,00031,00224,25113,45557,29143,49628
09500,0,00031,00224,25113,45557,29143,49628
09505,0,00031,00224,25113,45557,29143,49628
09510,0,00031,00224,25113,45557,29143,49628
09515,0,00031,00224,25113,45557,29143,49628
09520,0,00031,00224,25113,45557,29143,49628
09525,0,00031,00224,25113,45557,29143,49628
09530,0,00031,00224,25113,45557,29143,49628
09535,0,00031,00224,25113,45557,29143,49628
09540,0,00031,00224,25113,45557,29143,49628
09545,0,00031,00224,25113,45557,29143,49628
09550,0,00031,00224,25113,45557,29143,49628
09555,0,00031,00224,25113,45557,29143,49628
09560,0,00031,00224,25113,45557,29143,49628
09565,0,00031,00224,25113,45557,29143,49628
09570,0,00031,00224,25113,45557,29143,49628
09575,0,00031,00224,25113,45557,29143,49628
09580,0,00031,00224,25113,45557,29143,49628
09585,0,00031,00224,25113,45557,29143,49628
09590,0,00031,00224,25113,45557,29143,49628
09595,0,00031,00224,25113,45557,29143,49628
09600,0,00031,00224,25113,45557,29143,49628
09605,0,00031,00224,25113,45557,29143,49628
09610,0,00031,00224,25113,45557,29143,49628
09615,0,00031,00224,25113,45557,29143,49628
09620,0,00031,00224,25113,45557,29143,49628
09625,0,00031,00224,25113,45557,29143,49628
09630,0,00031,00224,25113,45557,29143,49628
09635,0,00031,00224,25113,45557,29143,49628
09640,0,00031,00224,25113,45557,29143,49628
09645,0,00031,00224,25113,45557,29143,49628
09650,0,00031,00224,25113,45557,29143,49628
09655,0,00031,00224,25113,45557,29143,49628
09660,0,00031,00224,25113,45557,29143,49628
09665,0,00031,00224,25113,45557,29143,49628
09670,0,00031,00224,25113,45557,29143,49628
09675,0,00031,00224,25113,45557,29143,49628
09680,0,00031,00224,25113,45557,29143,49628
09685,0,00031,00224,25113,45557,29143,49628
09690,0,00031,00224,25113,45557,29143,49628
09695,0,00031,00224,25113,45557,29143,49628
09700,0,00031,00224,25113,45557,29143,49628
09705,0,00031,00224,25113,45557,29143,49628
09710,0,00031,00224,25113,45557,29143,49628
09715,0,00031,00224,25113,45557,29143,49628
09720,0,00031,00224,25113,45557,29143,49628
09725,0,00031,00224,25113,45557,29143,49628
09730,0,00031,00224,25113,45557,29143,49628
09735,0,00031,00224,25113,45557,29143,49628
09740,0,00031,00224,25113,45557,29143,49628
09745,0,00031,00224,25113,45557,29143,49628
09750,0,00031,00224,25113,45557,29143,49628
09755,0,00031,00224,25113,45557,29143,49628
09760,0,00031,00224,25113,45557,29143,49628
09765,0,00031,00224,25113,45557,29143,49628
09770,0,00031,00224,25113,45557,29143,49628
09775,0,00031,00224,25113,45557,29143,49628
09780,0,00031,00224,25113,45557,29143,49628
09785,0,00031,00224,25113,45557,29143,49628
09790,0,00031,00224,25113,45557,29143,49628
09795,0,00031,00224,25113,45557,29143,49628
09800,0,00031,00224,25113,45557,29143,49628
09805,0,00031,00224,25113,45557,29143,49628
09810,0,00031,00224,25113,45557,29143,49628
09815,0,00031,00224,25113,45557,29143,49628
09820,0,00031,00224,25113,45557,29143,49628
09825,0,00031,00224,25113,45557,29143,49628
09830,0,00031,00224,25113,45557,29143,49628
09835,0,00031,00224,25113,45557,29143,49628
09840,0,00031,00224,25113,45557,29143,49628
09845,0,00031,00224,25113,45557,29143,49628
09850,0,00031,00224,25113,45557,29143,49628
09855,0,00031,00224,25113,45557,29143,49628
09860,0,00031,00224,25113,45557,29143,49628
09865,0,00031,00224,25113,45557,29143,49628
09870,0,00031,00224,25113,45557,29143,49628
09875,0,00031,00224,25113,45557,29143,49628
09880,0,00031,00224,25113,45557,29143,49628
09885,0,00031,00224,25113,45557,29143,49628
09890,0,00031,00224,25113,45557,29143,49628
09895,0,00031,00224,25113,45557,29143,49628
09900,0,00031,00224,25113,45557,29143,49628
09905,0,00031,00224,25113,45557,29143,49628
09910,0,00031,00224,25113,45557,29143,49628
09915,0,00031,00224,25113,45557,29143,49628
09920,0,00031,00224,25113,45557,29143,49628
09925,0,00031,00224,25113,45557,29143,49628
09930,0,00031,00224,25113,45557,29143,49628
09935,0,00031,00224,25113,45557,29143,49628
09940,0,00031,00224,25113,45557,29143,49628
09945,0,00031,00224,25113,45557,29143,49628
09950,0,00031,00224,25113,45557,29143,49628
09955,0,00031,00224,25113,45557,29143,49628
09960,0,00031,00224,25113,45557,29143,49628
09965,0,00031,00224,25113,45557,29143,49628
09970,0,00031,00224,25113,45557,29143,49628
09975,0,00031,00224,25113,45557,29143,49628
09980,0,00031,00224,25113,45557,29143,49628
09985,0,00031,00224,25113,45557,29143,49628
09990,0,00031,00224,25113,45557,29143,49628
09995,0,00031,00224,25113,45557,29143,49628
10000,0,00031,00224,25113,45557,29143,49628
